event_id,event_name,detail_url,startdate,enddate,address,fee,event_tag,host,attend,interest,lon,lat,event_type,month_event,createtime,date_ori,est_utc,est_bj,,
36284367,【亲子坐标独享1V1研学系列】北海公园—“五朝避暑胜地”,https://www.douban.com/event/36284367/,2025-01-01T00:00:00,2025-03-31T23:59:00,北京一起玩转北海—北海公园文津街1号,998.00元,-,猫眼演出,0,0,116.3837267,39.92106076,亲子,2025/03,2025/2/8 0:00:00,01月01日 周三 00:00 ~ 03月31日 周一 23:59,1739007208,2025/2/8 17:33:28,,
36276066,【亲子坐标独享1V1研学系列】天坛—“天圆地方”的传说,https://www.douban.com/event/36276066/,2025-01-01T00:00:00,2025-03-31T23:59:00,北京天坛亲子研学营-天坛公园天坛东里甲1号,998.00元,-,猫眼演出,0,0,116.4045291,39.88048067,亲子,2025/03,2025/2/8 0:00:00,01月01日 周三 00:00 ~ 03月31日 周一 23:59,1739006104,2025/2/8 17:15:04,,
36530993,【故宫亲子研学】《寻找故宫小怪兽》探寻屋脊“小精灵”，带你解锁故宫新玩法！,https://www.douban.com/event/36530993/,2025-01-01T00:00:00,2025-03-31T23:59:00,北京如果故宫会说话-大咖精讲景山前街4号,258.00元,-,猫眼演出,1,0,116.3907664,39.91635523,其他,2025/03,2025/2/8 0:00:00,01月01日 周三 00:00 ~ 03月31日 周一 23:59,1739006983,2025/2/8 17:29:43,,
36861449,北京线下|一日浮生团体咨询ColourZoo,https://www.douban.com/event/36861449/,2025-01-01T09:00:00,2025-01-01T17:30:00,北京朝阳区北京罗马花园,500元,-,Lanna,0,1,116.4121128,39.98276345,聚会-生活,2025/01,2025/2/8 0:00:00,01月01日 周三 09:00-17:30,1739005638,2025/2/8 17:07:18,,
36889659,2025元旦辞旧迎新趣味戏剧茶会,https://www.douban.com/event/36889659/,2025-01-01T10:00:00,2025-01-01T15:00:00,北京双井富力城B区5号楼1802号,99.0元,-,山猫,0,1,116.4518081,39.89645619,聚会-生活,2025/01,2025/2/8 0:00:00,01月01日 周三 10:00-15:00,1739005735,2025/2/8 17:08:55,,
36879319,[迎新最美之旅]儿童剧《小王子》爱与责任|法国经典文学作品改编,https://www.douban.com/event/36879319/,2025-01-01T10:30:00,2025-01-01T12:00:00,北京蓬蒿剧场东棉花胡同35号(中央戏剧学院正门向东100米),160.00元,-,猫眼演出,0,0,116.3998893,39.93460009,亲子,2025/01,2025/2/8 0:00:00,01月01日 周三 10:30-12:00,1739006174,2025/2/8 17:16:14,,
36879434,玉壶春茶社丨新年一起来拓印品茶,https://www.douban.com/event/36879434/,2025-01-01T14:00:00,2025-01-01T16:00:00,北京西城区杨梅竹斜街69号玉壶春茶社,168.0元,-,qi7m,0,1,116.385774,39.89424392,聚会-生活,2025/01,2025/2/8 0:00:00,01月01日 周三 14:00-16:00,1739005745,2025/2/8 17:09:05,,
36739021,拉德斯基进行曲—世界经典名曲2025新年音乐会,https://www.douban.com/event/36739021/,2025-01-01T14:30:00,2025-01-01T16:00:00,北京天坛南门剧场永定门内东大街中里1号天坛街道市民活动中心,60.00元,-,猫眼演出,0,0,116.4033235,39.87243866,音乐-音乐会,2025/01,2025/2/8 0:00:00,01月01日 周三 14:30-16:00,1739005964,2025/2/8 17:12:44,,
36852734,【浪漫森林】新年夜/元旦夜烛光音乐会｜烛光晚餐｜Jay、JJ、Mayday经典曲目,https://www.douban.com/event/36852734/,2025-01-01T19:00:00,2025-01-01T20:15:00,北京格乐丽雅·G婚礼艺术中心演出厅-丰台店世界花卉大观园西门北侧1号,698.00元,-,猫眼演出,0,0,116.341319,39.83777076,音乐-音乐会,2025/01,2025/2/8 0:00:00,01月01日 周三 19:00-20:15,1739005999,2025/2/8 17:13:19,,
36749285,2025年北京新年音乐会,https://www.douban.com/event/36749285/,2025-01-01T19:30:00,2025-01-01T19:30:00,北京中山公园音乐堂西长安街中山公园内,100.00元,-,猫眼演出,0,0,116.3893946,39.90942489,音乐-音乐会,2025/01,2025/2/8 0:00:00,01月01日 周三 19:30-19:30,1739005963,2025/2/8 17:12:43,,
36858842,北疆文化神州行·风从草原来查干乐团专场音乐会,https://www.douban.com/event/36858842/,2025-01-01T19:30:00,2025-01-01T21:30:00,北京顺义大剧院仁和公园北50米顺义区文化中心院内,80.00元,-,猫眼演出,0,0,116.6644008,40.10839257,音乐-音乐会,2025/01,2025/2/8 0:00:00,01月01日 周三 19:30-21:30,1739006259,2025/2/8 17:17:39,,
36807651,京剧《红鬃烈马》,https://www.douban.com/event/36807651/,2025-01-01T19:30:00,2025-01-01T21:30:00,北京梅兰芳大剧院新街口街道平安里西大街32号(西二环官园桥),180.00元,-,猫眼演出,0,0,116.3508479,39.93042405,戏剧-戏曲,2025/01,2025/2/8 0:00:00,01月01日 周三 19:30-21:30,1739005954,2025/2/8 17:12:34,,
36849493,土耳其伊兹密尔国立交响乐团2025北京新年音乐会,https://www.douban.com/event/36849493/,2025-01-01T19:30:00,2025-01-01T21:00:00,北京京演·民族文化宫大剧院金融街街道复兴门内大街49号(西单),180.0元,-,猫眼演出,0,0,116.3634941,39.90669486,音乐-音乐会,2025/01,2025/2/8 0:00:00,01月01日 周三 19:30-21:00,1739005998,2025/2/8 17:13:18,,
36862592,【八折特惠】吉祥大戏院1月1日（晚场）国粹吉祥京剧《龙凤呈祥》,https://www.douban.com/event/36862592/,2025-01-01T19:30:00,2025-01-01T21:00:00,北京吉祥大戏院王府井大街88号银泰in88北区7层,100.00元,-,猫眼演出,0,0,116.4054782,39.91539846,戏剧-戏曲,2025/01,2025/2/8 0:00:00,01月01日 周三 19:30-21:00,1739006258,2025/2/8 17:17:38,,
36817154,“喜洋洋幸福年”中国煤矿文工团民族新春音乐会/“喜临门”中国煤矿文工团民族新春音乐会,https://www.douban.com/event/36817154/,2025-01-01T19:30:00,2025-01-01T20:30:00,北京国家大剧院-小剧场西长安街街道西长安街2号,160.00元,-,猫眼演出,0,0,116.383698,39.90304555,音乐-音乐会,2025/01,2025/2/8 0:00:00,01月01日 周三 19:30-20:30,1739005951,2025/2/8 17:12:31,,
36824931,国家京剧院京剧《凤还巢》,https://www.douban.com/event/36824931/,2025-01-01T19:30:00,2025-01-01T20:30:00,北京国家大剧院-戏剧场西长安街2号国家大剧院,100.00元,-,猫眼演出,0,1,116.383553,39.90344561,戏剧-戏曲,2025/01,2025/2/8 0:00:00,01月01日 周三 19:30-20:30,1739005629,2025/2/8 17:07:09,,
36884495,元旦脱口秀|磁场喜剧×南锣鼓巷|全国知名脱口秀大咖|爆笑解压,https://www.douban.com/event/36884495/,2025-01-01T19:30:00,2025-01-01T21:00:00,北京磁场剧场NT剧场南锣鼓巷福祥胡同5号四合院,79.00元,-,猫眼演出,0,0,116.3962949,39.93289388,戏剧-其他,2025/01,2025/2/8 0:00:00,01月01日 周三 19:30-21:00,1739006173,2025/2/8 17:16:13,,
36857077,中国评剧院评剧《花为媒》,https://www.douban.com/event/36857077/,2025-01-01T19:30:00,2025-01-01T19:30:00,北京北京人民剧场护国寺大街74号,50.00元,-,猫眼演出,0,0,116.3685497,39.93312779,戏剧-戏曲,2025/01,2025/2/8 0:00:00,01月01日 周三 19:30-19:30,1739005924,2025/2/8 17:12:04,,
36856109,全年首演「新春元旦摇滚晚会」2024年首场群星摇滚晚会-北京站,https://www.douban.com/event/36856109/,2025-01-01T19:50:00,2025-01-01T22:00:00,北京MaskStage西三环北路21号久凌大厦南楼二层,120.00元,-,猫眼演出,0,0,116.3026342,39.95142087,戏剧-话剧,2025/01,2025/2/8 0:00:00,01月01日 周三 19:50-22:00,1739006039,2025/2/8 17:13:59,,
36874174,北京|12.31-1.1「年度高光」2024-2025爵士新年音乐会,https://www.douban.com/event/36874174/,2025-01-01T20:00:00,2025-01-01T21:30:00,北京BlueNoteBeijing前门东大街23号BlueNoteBeijing,320.00元,-,猫眼演出,0,0,116.39517,39.8997723,戏剧-话剧,2025/01,2025/2/8 0:00:00,01月01日 周三 20:00-21:30,1739006239,2025/2/8 17:17:19,,
36879123,回声喜剧｜小帕个人专场《红绿灯》元旦开演｜三里屯喜剧工厂,https://www.douban.com/event/36879123/,2025-01-01T20:00:00,2025-01-01T21:30:00,北京喜剧工厂ComedyFactory三里屯街道工人体育场北路8号院3号楼102(三里屯soho三号商场一层外围),150.00元,-,猫眼演出,0,0,116.4468455,39.93136675,戏剧-其他,2025/01,2025/2/8 0:00:00,01月01日 周三 20:00-21:30,1739006175,2025/2/8 17:16:15,,
36884592,元旦约会|不二喜剧×西直门|全国知名脱口秀大咖|爆笑解压脱口秀,https://www.douban.com/event/36884592/,2025-01-01T20:00:00,2025-01-01T21:30:00,北京不二喜剧西直门外大街116号JKFunB51-B53不二喜剧,79.00元,-,猫眼演出,0,0,116.3389088,39.93644925,戏剧-其他,2025/01,2025/2/8 0:00:00,01月01日 周三 20:00-21:30,1739006171,2025/2/8 17:16:11,,
36868999,「闹新年」闹乐队&朋友们,https://www.douban.com/event/36868999/,2025-01-01T20:30:00,2025-01-01T20:30:00,北京黄昏黎明DDC神路街39号地下一层DDC,88.00元,-,猫眼演出,0,0,116.4376768,39.91796431,戏剧-话剧,2025/01,2025/2/8 0:00:00,01月01日 周三 20:30-20:30,1739006078,2025/2/8 17:14:38,,
36815843,小小企鹅保育员（亲子）海洋系列研学亲喂/制食/科普,https://www.douban.com/event/36815843/,2024-11-23T08:00:00,2025-02-15T18:00:00,北京朝阳区惠新西街南口,299元,-,蓝色小调,0,1,116.4115022,39.97484035,亲子,2025/02,2025/2/8 0:00:00,,1739005627,2025/2/8 17:07:07,,
36654196,一起爬西山，登顶鬼笑石，在爬山中认识新朋友（北京活动）,https://www.douban.com/event/36654196/,2024-12-07T14:30:00,2025-02-23T17:00:00,北京海淀区北京西山国家森林公园,49元,-,互助网周末活动,20,15,116.1869346,39.97391273,聚会-交友,2025/02,2025/2/8 0:00:00,2024年12月07日 周六 14:30 ~ 2025年02月23日 周日 17:00,1739006374,2025/2/8 17:19:34,,
36792429,中国国家博物馆|美的多元：古希腊的艺术与生活,https://www.douban.com/event/36792429/,2024-11-06T09:00:00,2025-03-30T17:00:00,北京东城区中国国家博物馆,120元,-,画画的Franco,27,16,116.3950625,39.90396912,展览,2025/03,2025/2/8 0:00:00,2024年11月06日 周三 09:00 ~ 2025年03月30日 周日 17:00,1739005018,2025/2/8 16:56:58,,
36654141,探寻北京八大处，赏秋景祈福加交友（北京活动）,https://www.douban.com/event/36654141/,2024-12-14T14:30:00,2025-03-02T17:00:00,北京石景山区八大处公园,39元,-,互助网周末活动,23,15,116.1782079,39.96139388,旅行,2025/03,2025/2/8 0:00:00,2024年12月14日 周六 14:30 ~ 2025年03月02日 周日 17:00,1739005021,2025/2/8 16:57:01,,
36411837,故宫博物院|永和宫|诚慎仁术清宫医药文物展览,https://www.douban.com/event/36411837/,2024-09-20T09:00:00,2024-12-31T18:00:00,北京故宫博物院,0.00元,-,展览话剧大茶馆,35,11,116.3907814,39.91643522,展览,2024/12,2025/2/8 0:00:00,2024年09月20日 周五 09:00 ~ 2024年12月31日 周二 18:00,1739003538,2025/2/8 16:32:18,,
36824931,国家京剧院京剧《凤还巢》,https://www.douban.com/event/36824931/,2025-01-01T19:30:00,2025-01-01T20:30:00,北京国家大剧院-戏剧场西长安街2号国家大剧院,100.00元,-,猫眼演出,0,1,116.383553,39.90344561,戏剧-戏曲,2025/01,2025/2/8 0:00:00,01月01日 周三 19:30-20:30,1739005629,2025/2/8 17:07:09,,
36402632,中国国家博物馆|中国白德化白瓷展览,https://www.douban.com/event/36402632/,2024-09-20T09:00:00,2024-12-31T18:00:00,北京朝阳区中国国家博物馆,0.00元,-,展览话剧大茶馆,26,11,116.3379415,39.9391669,展览,2024/12,2025/2/8 0:00:00,2024年09月20日 周五 09:00 ~ 2024年12月31日 周二 18:00,1739003550,2025/2/8 16:32:30,,
36315419,下午一起爬北京香山，在爬山中认识小哥哥小姐姐（北京活动）,https://www.douban.com/event/36315419/,2024-11-30T14:00:00,2025-02-16T17:30:00,北京海淀区香山公园,19元,-,互助网周末活动,24,38,116.1826034,39.98882763,聚会-交友,2025/02,2025/2/8 0:00:00,2024年11月30日 周六 14:00 ~ 2025年02月16日 周日 17:30,1739006318,2025/2/8 17:18:38,,
36654068,相约海淀公园，来一场室外读书分享会，认识新朋友（北京活动）,https://www.douban.com/event/36654068/,2024-12-14T14:00:00,2025-03-02T17:00:00,北京海淀区万泉河桥站A口,39元,-,互助网周末活动,35,16,116.2929143,39.98408205,聚会-生活,2025/03,2025/2/8 0:00:00,2024年12月14日 周六 14:00 ~ 2025年03月02日 周日 17:00,1739006321,2025/2/8 17:18:41,,
36828434,每周一山周末1日翡翠湖｜京郊小九寨-汉白玉的故乡-户外10公里徒步,https://www.douban.com/event/36828434/,2024-11-23T08:00:00,2025-02-16T17:00:00,北京朝阳区惠新西街南口,98元,-,蓝色小调,0,1,116.4115022,39.97484035,旅行,2025/02,2025/2/8 0:00:00,"2024年11月23日 ~ 2025年02月16日 每周三,六,日 08:00 - 17:00",1739005652,2025/2/8 17:07:32,,
36822219,【周末亲子】农场美味带回家大白菜萝卜、自制香肠、甘蔗、小树涂白,https://www.douban.com/event/36822219/,2024-11-23T09:30:00,2025-02-16T16:00:00,北京朝阳区惠新西街南口,328元,-,蓝色小调,0,1,116.4115022,39.97484035,亲子,2025/02,2025/2/8 0:00:00,,1739005653,2025/2/8 17:07:33,,
36555797,相约一座可以游山玩水的博物馆，认识新朋友（北京活动）,https://www.douban.com/event/36555797/,2024-10-12T14:00:00,2025-03-16T17:00:00,北京朝阳区园林博物馆,19元,-,互助网周末活动,39,25,116.4206732,39.94300071,展览,2025/03,2025/2/8 0:00:00,2024年10月12日 周六 14:00 ~ 2025年03月16日 周日 17:00,1739006316,2025/2/8 17:18:36,,
36813975,周末1日珍珠湖京西小三峡高峡平湖、山河辽阔一瞬间户外经典徒步,https://www.douban.com/event/36813975/,2024-11-23T08:30:00,2025-02-16T18:00:00,北京朝阳区惠新西街南口,118元,-,蓝色小调,0,1,116.4115022,39.97484035,公益,2025/02,2025/2/8 0:00:00,,1739005637,2025/2/8 17:07:17,,
36861449,北京线下|一日浮生团体咨询ColourZoo,https://www.douban.com/event/36861449/,2025-01-01T09:00:00,2025-01-01T17:30:00,北京朝阳区北京罗马花园,500元,-,Lanna,0,1,116.4121128,39.98276345,聚会-生活,2025/01,2025/2/8 0:00:00,01月01日 周三 09:00-17:30,1739005638,2025/2/8 17:07:18,,
36834159,没有花的花房：小众香水群像展2025北京站,https://www.douban.com/event/36834159/,2024-12-06T00:00:00,2025-01-12T23:59:59,北京THEBOX朝外年轻力中心-没有花的花房：小众香水群像展2025北京站朝阳门外大街10号THEBOX朝外|年轻力中心A座L2Gallery,69.00元,-,猫眼演出,8,6,116.4389223,39.92138043,展览,2025/01,2025/2/8 0:00:00,2024年12月06日 周五 00:00 ~ 2025年01月12日 周日 23:59,1739005077,2025/2/8 16:57:57,,
36874298,北京大运河博物馆|齐白石在北京：纪念齐白石诞辰160周年特展,https://www.douban.com/event/36874298/,2024-12-19T09:00:00,2025-03-31T18:00:00,北京北京大运河博物馆,0.00元,-,展览话剧大茶馆,28,6,116.7094868,39.87886672,展览,2025/03,2025/2/8 0:00:00,2024年12月19日 ~ 2025年03月31日 每天 09:00 - 18:00,1739006375,2025/2/8 17:19:35,,
36751401,丰台区/新华家园敬老院丨2024年“声如夏花爱如芳草”项目,https://www.douban.com/event/36751401/,2024-12-29T09:30:00,2025-03-09T10:30:00,北京丰台区新华家园-莲花池尊享公寓,0.00元,-,此心公益,8,3,116.3034562,39.889875,公益,2025/03,2025/2/8 0:00:00,2024年12月29日 周日 09:30 ~ 2025年03月09日 周日 10:30,1739006491,2025/2/8 17:21:31,,
34797102,「9.9元超值」马语汇亲子马术体验活动：让孩子做个快乐的小骑士,https://www.douban.com/event/34797102/,2024-01-25T00:00:00,2024-12-31T23:59:59,北京马语汇亲子马术体验活动—好骑士马术俱乐部后沙峪天北路33号马术庄园Familyfarm,9.90元,-,猫眼演出,11,2,116.5290724,40.12264517,赛事,2024/12,2025/2/8 0:00:00,2024年01月25日 周四 00:00 ~ 2024年12月31日 周二 23:59,1739003677,2025/2/8 16:34:37,,
36402574,中国国家博物馆|中国古代佛造像展览,https://www.douban.com/event/36402574/,2024-09-20T09:00:00,2024-12-31T18:00:00,北京朝阳区中国国家博物馆,0.00元,-,展览话剧大茶馆,6,7,116.3379415,39.9391669,展览,2024/12,2025/2/8 0:00:00,2024年09月20日 周五 09:00 ~ 2024年12月31日 周二 18:00,1739003680,2025/2/8 16:34:40,,
36799220,瑞士经典设计展,https://www.douban.com/event/36799220/,2024-11-09T00:00:00,2025-01-12T23:59:59,北京今日美术馆：瑞士经典设计展百子湾路32号苹果社区4号楼,50.00元,-,猫眼演出,26,6,116.4614892,39.89874561,展览,2025/01,2025/2/8 0:00:00,2024年11月09日 周六 00:00 ~ 2025年01月12日 周日 23:59,1739006380,2025/2/8 17:19:40,,
36855291,主动社交的力量,https://www.douban.com/event/36855291/,2024-12-06T14:30:00,2025-03-01T17:30:00,北京西城区北京市西城区油坊胡同天安国汇咔咖咖啡（宣武门站E口）,0.00元,-,32123,11,6,116.3696433,39.90168693,聚会-交友,2025/03,2025/2/8 0:00:00,2024年12月06日 ~ 2025年03月01日 每天 14:30 - 17:30,1739006418,2025/2/8 17:20:18,,
36789706,奥匈帝国的明珠-茜茜公主与其时代的艺术,https://www.douban.com/event/36789706/,2024-11-20T00:00:00,2025-02-16T23:59:00,北京中华世纪坛：奥匈帝国的明珠-茜茜公主与其时代的艺术复兴路甲9号中华世纪坛艺术馆二层世纪厅,77.0元,-,猫眼演出,6,8,116.315185,39.91015031,展览,2025/02,2025/2/8 0:00:00,2024年11月20日 周三 00:00 ~ 2025年02月16日 周日 23:59,1739006455,2025/2/8 17:20:55,,
36653872,相约太行前哨第一峰、北京城市氧源百望山，结识新朋友（北京）,https://www.douban.com/event/36653872/,2024-12-07T14:30:00,2025-02-23T17:00:00,北京海淀区百望山,39元,-,互助网周末活动,18,13,116.2567184,40.03149071,旅行,2025/02,2025/2/8 0:00:00,2024年12月07日 周六 14:30 ~ 2025年02月23日 周日 17:00,1739005028,2025/2/8 16:57:08,,
36717733,【限量66折】北京艺术与科技双年展“灵光涌现”,https://www.douban.com/event/36717733/,2024-10-26T00:00:00,2025-02-23T23:59:59,北京启皓艺术馆新源南路8号,159.00元,-,猫眼演出,11,5,116.4514878,39.94699836,展览,2025/02,2025/2/8 0:00:00,2024年10月26日 周六 00:00 ~ 2025年02月23日 周日 23:59,1739005044,2025/2/8 16:57:24,,
36402587,中国国家博物馆|中国古代玉器展览,https://www.douban.com/event/36402587/,2024-09-20T09:00:00,2024-12-31T18:00:00,北京朝阳区中国国家博物馆,0.00元,-,展览话剧大茶馆,3,5,116.3379415,39.9391669,展览,2024/12,2025/2/8 0:00:00,2024年09月20日 周五 09:00 ~ 2024年12月31日 周二 18:00,1739003733,2025/2/8 16:35:33,,
35167506,【冬季特惠】中国书画院-大型沉浸式数字光影艺术展《永远的梵高》,https://www.douban.com/event/35167506/,2022-08-30T00:00:00,2025-05-10T23:59:59,北京大型沉浸艺术展《永远的梵高》-中国书画院天宫院魏永路9-1,70.00元,-,猫眼演出,9,2,116.319821,39.66602431,展览,2025/05,2025/2/8 0:00:00,2022年08月30日 周二 00:00 ~ 2025年05月10日 周六 23:59,1739005082,2025/2/8 16:58:02,,
36718498,《敦煌超宇宙》艺云数字艺术中心·超震撼敦煌壁画·王府井看展新地标！,https://www.douban.com/event/36718498/,2024-10-15T00:00:00,2025-02-28T23:59:59,北京艺云数字艺术中心-王府井王府井大街255号北京市百货大楼南馆4-5层,150.00元,-,猫眼演出,1,0,116.4037386,39.91242694,展览,2025/02,2025/2/8 0:00:00,2024年10月15日 周二 00:00 ~ 2025年02月28日 周五 23:59,1739006992,2025/2/8 17:29:52,,
36625199,公益颂钵疗愈沙龙,https://www.douban.com/event/36625199/,2024-11-30T10:00:00,2025-01-25T12:30:00,北京东城区王府井大街,0.00元,-,北京沙龙活动,4,5,116.4048598,39.91551321,聚会-生活,2025/01,2025/2/8 0:00:00,2024年11月30日 周六 10:00 ~ 2025年01月25日 周六 12:30,1739005090,2025/2/8 16:58:10,,
36792475,周末1日｜雁栖湖骑行｜又见顶秀美泉小镇-雁栖湖半环湖慢行,https://www.douban.com/event/36792475/,2024-11-09T09:00:00,2025-01-26T17:00:00,北京海淀区北京语言大学,188元,-,随心旅行,0,1,116.3633664,39.95330512,旅行,2025/01,2025/2/8 0:00:00,,1739005827,2025/2/8 17:10:27,,
36792445,周末1日【药王谷】户外驴友口口相传的泗马沟，登山赏漫山遍野红叶,https://www.douban.com/event/36792445/,2024-11-09T08:00:00,2025-01-26T17:00:00,北京海淀区北京语言大学,138元,-,随心旅行,0,1,116.3633664,39.95330512,旅行,2025/01,2025/2/8 0:00:00,,1739005826,2025/2/8 17:10:26,,
36718100,文明的源起：早期中华文明探寻大展,https://www.douban.com/event/36718100/,2024-10-01T00:00:00,2025-03-31T23:59:00,北京北京民生现代美术馆酒仙桥北路9号恒通国际创新园区内,58.0元,-,猫眼演出,8,2,116.4878721,39.98730916,展览,2025/03,2025/2/8 0:00:00,2024年10月01日 周二 00:00 ~ 2025年03月31日 周一 23:59,1739006495,2025/2/8 17:21:35,,
36889659,2025元旦辞旧迎新趣味戏剧茶会,https://www.douban.com/event/36889659/,2025-01-01T10:00:00,2025-01-01T15:00:00,北京双井富力城B区5号楼1802号,99.0元,-,山猫,0,1,116.4518081,39.89645619,聚会-生活,2025/01,2025/2/8 0:00:00,01月01日 周三 10:00-15:00,1739005735,2025/2/8 17:08:55,,
36757046,【双展通票】吕克·图伊曼斯中国首个大型回顾展“过去”,https://www.douban.com/event/36757046/,2024-11-16T00:00:00,2025-02-16T23:59:00,北京吕克·图伊曼斯中国首个大型回顾展“过去”—UCCA尤伦斯当代艺术中心酒仙桥路4号798艺术区UCCA尤伦斯当代艺术中心,60.0元,-,猫眼演出,4,2,116.4891586,39.98288416,展览,2025/02,2025/2/8 0:00:00,2024年11月16日 周六 00:00 ~ 2025年02月16日 周日 23:59,1739006587,2025/2/8 17:23:07,,
36411668,故宫博物院|雕版馆吉光片羽故宫博物院藏清代宫廷雕版文物展览,https://www.douban.com/event/36411668/,2024-09-20T09:00:00,2024-12-31T18:30:00,北京故宫博物院,0.00元,-,展览话剧大茶馆,6,2,116.3907814,39.91643522,展览,2024/12,2025/2/8 0:00:00,2024年09月20日 周五 09:00 ~ 2024年12月31日 周二 18:30,1739003738,2025/2/8 16:35:38,,
36792346,周末1日【东灵山】挑战高峰-京郊秘境-京郊小珠穆朗玛峰海拔2303米,https://www.douban.com/event/36792346/,2024-11-09T08:00:00,2025-01-26T18:00:00,北京海淀区北京语言大学,128元,-,随心旅行,0,1,116.3633664,39.95330512,旅行,2025/01,2025/2/8 0:00:00,,1739005740,2025/2/8 17:09:00,,
36401656,经典必看｜镜里千秋中国古代铜镜文化展中国国家博物馆系列,https://www.douban.com/event/36401656/,2024-09-20T09:00:00,2024-12-31T18:00:00,北京朝阳区中国国家博物馆,0.00元,-,展览话剧大茶馆,4,3,116.3379415,39.9391669,展览,2024/12,2025/2/8 0:00:00,2024年09月20日 周五 09:00 ~ 2024年12月31日 周二 18:00,1739003756,2025/2/8 16:35:56,,
36718070,贝纳维内：超越观念与物质-北京凤凰中心,https://www.douban.com/event/36718070/,2024-09-28T00:00:00,2025-02-28T23:59:00,北京凤凰中心：贝纳维内：超越观念与物质公园南路3号凤凰国际传媒中心,69.0元,-,猫眼演出,6,2,116.4676397,39.93316838,展览,2025/02,2025/2/8 0:00:00,2024年09月28日 周六 00:00 ~ 2025年02月28日 周五 23:59,1739006542,2025/2/8 17:22:22,,
36823431,北京鲁迅博物馆｜鲁迅生平展,https://www.douban.com/event/36823431/,2024-11-20T09:00:00,2025-04-30T17:00:00,北京鲁迅博物馆,0.00元,-,展览话剧大茶馆,6,1,116.3525395,39.92432663,展览,2025/04,2025/2/8 0:00:00,2024年11月20日 ~ 2025年04月30日 每天 09:00 - 17:00,1739006582,2025/2/8 17:23:02,,
36530993,【故宫亲子研学】《寻找故宫小怪兽》探寻屋脊“小精灵”，带你解锁故宫新玩法！,https://www.douban.com/event/36530993/,2025-01-01T00:00:00,2025-03-31T23:59:00,北京如果故宫会说话-大咖精讲景山前街4号,258.00元,-,猫眼演出,1,0,116.3907664,39.91635523,其他,2025/03,2025/2/8 0:00:00,01月01日 周三 00:00 ~ 03月31日 周一 23:59,1739006983,2025/2/8 17:29:43,,
36546391,度假太阳系太空探索乐园,https://www.douban.com/event/36546391/,2024-08-01T00:00:00,2025-05-05T23:59:00,北京751时尚广场-度假太阳系太空探索乐园酒仙桥路4号751时尚广场C12,66.0元,-,猫眼演出,7,0,116.4952477,39.98302831,展览,2025/05,2025/2/8 0:00:00,2024年08月01日 周四 00:00 ~ 2025年05月05日 周一 23:59,1739005157,2025/2/8 16:59:17,,
35798810,【北京双井】威尼斯电影节金狮奖VR沉浸体验《苍穹》（Spheres),https://www.douban.com/event/35798810/,2024-10-01T00:00:00,2025-02-28T23:59:59,北京UME影城双井店：威尼斯电影节金狮奖VR沉浸体验《苍穹》Spheres东三环中路65号富力广场6层,128.00元,-,猫眼演出,5,0,116.4545095,39.89414259,展览,2025/02,2025/2/8 0:00:00,2024年10月01日 周二 00:00 ~ 2025年02月28日 周五 23:59,1739006649,2025/2/8 17:24:09,,
36879434,玉壶春茶社丨新年一起来拓印品茶,https://www.douban.com/event/36879434/,2025-01-01T14:00:00,2025-01-01T16:00:00,北京西城区杨梅竹斜街69号玉壶春茶社,168.0元,-,qi7m,0,1,116.385774,39.89424392,聚会-生活,2025/01,2025/2/8 0:00:00,01月01日 周三 14:00-16:00,1739005745,2025/2/8 17:09:05,,
36747564,数码宝贝-永远的青春沉浸式主题展,https://www.douban.com/event/36747564/,2024-11-15T00:00:00,2025-01-19T23:59:00,北京数码宝贝-永远的青春沉浸式主题展朝阳大悦城1F东侧户外广场独栋空间（近星巴克）,79.0元,-,猫眼演出,2,4,116.5134726,39.92291908,展览,2025/01,2025/2/8 0:00:00,2024年11月15日 周五 00:00 ~ 2025年01月19日 周日 23:59,1739006614,2025/2/8 17:23:34,,
35525597,房东的猫首部VR演唱会,https://www.douban.com/event/35525597/,2023-03-25T00:00:00,2025-03-24T23:59:59,北京猫眼直播室猫眼直播室,69.00元,-,猫眼演出,4,2,116.4155617,39.94927448,音乐-演唱会,2025/03,2025/2/8 0:00:00,2023年03月25日 周六 00:00 ~ 2025年03月24日 周一 23:59,1739003769,2025/2/8 16:36:09,,
36864903,志愿者招募打工子女学校|服务流动儿童公益图书馆,https://www.douban.com/event/36864903/,2024-12-16T10:00:00,2025-03-12T16:00:00,北京昌平区北京昌平区马池口镇神牛路16号硕博学校图书馆,0.00元,-,请叫我北京三知,4,1,116.1627243,40.18427636,公益,2025/03,2025/2/8 0:00:00,,1739006746,2025/2/8 17:25:46,,
36889039,人人都是艺术家，用画画和美术画出彩色世界,https://www.douban.com/event/36889039/,2024-12-28T09:00:00,2025-03-28T23:00:00,北京朝阳区北京侨福芳草地中心铅笔艺术空间,30.0元,-,铅笔,4,2,116.4431061,39.91844758,课程,2025/03,2025/2/8 0:00:00,2024年12月28日 ~ 2025年03月28日 每天 09:00 - 23:00,1739006609,2025/2/8 17:23:29,,
36795918,跨越六十年：人工智能的创意之火,https://www.douban.com/event/36795918/,2024-11-06T00:00:00,2025-02-28T23:59:59,北京北京泰康美术馆景辉街16号院1号楼泰康集团大厦1-2层,109.00元,-,猫眼演出,3,2,116.4617787,39.90996487,展览,2025/02,2025/2/8 0:00:00,2024年11月06日 周三 00:00 ~ 2025年02月28日 周五 23:59,1739005239,2025/2/8 17:00:39,,
34797818,【营业中】798/751活的3D博物馆,https://www.douban.com/event/34797818/,2022-03-01T00:00:00,2024-12-31T23:59:59,北京活的3D博物馆·展览厅酒仙桥路4号751时尚广场C12,75.00元,-,猫眼演出,3,2,116.4952246,39.98277325,展览,2024/12,2025/2/8 0:00:00,2022年03月01日 周二 00:00 ~ 2024年12月31日 周二 23:59,1739003855,2025/2/8 16:37:35,,
36793726,【限时特惠】如见|一蓑烟雨·苏轼——中国传统文化数字艺术展,https://www.douban.com/event/36793726/,2024-11-26T00:00:00,2025-04-13T23:59:59,北京中华世纪坛：一蓑烟雨·苏轼—中国传统文化数字艺术展羊坊店街道复兴路甲9号中华世纪坛艺术馆数字艺术展厅(B1),128.00元,-,猫眼演出,3,2,116.315185,39.91015031,展览,2025/04,2025/2/8 0:00:00,2024年11月26日 周二 00:00 ~ 2025年04月13日 周日 23:59,1739005230,2025/2/8 17:00:30,,
36792438,周六1日｜鹿皮关｜俯瞰白河大峡谷-北京户外徒步登山-鸟瞰密云水库,https://www.douban.com/event/36792438/,2024-11-09T07:30:00,2025-01-26T16:00:00,北京海淀区北京语言大学,118元,-,随心旅行,0,1,116.3633664,39.95330512,旅行,2025/01,2025/2/8 0:00:00,,1739005824,2025/2/8 17:10:24,,
36402538,中国国家博物馆展览|数说犀尊展览,https://www.douban.com/event/36402538/,2024-09-20T09:00:00,2024-12-31T18:00:00,北京朝阳区中国国家博物馆,0.00元,-,展览话剧大茶馆,1,4,116.3379415,39.9391669,展览,2024/12,2025/2/8 0:00:00,2024年09月20日 周五 09:00 ~ 2024年12月31日 周二 18:00,1739003972,2025/2/8 16:39:32,,
36875654,北京艺术博物馆|苍山秀水：山水主题文物展,https://www.douban.com/event/36875654/,2024-12-19T09:00:00,2025-03-31T17:00:00,北京北京艺术博物馆,0.00元,-,展览话剧大茶馆,1,5,116.3056426,39.94580767,展览,2025/03,2025/2/8 0:00:00,2024年12月19日 ~ 2025年03月31日 每天 09:00 - 17:00,1739006607,2025/2/8 17:23:27,,
36401965,经典必看｜中国国家博物馆展览|中国古代钱币展,https://www.douban.com/event/36401965/,2024-09-20T09:00:00,2024-12-31T18:30:00,北京朝阳区中国国家博物馆,0.00元,-,展览话剧大茶馆,3,1,116.3379415,39.9391669,展览,2024/12,2025/2/8 0:00:00,2024年09月20日 周五 09:00 ~ 2024年12月31日 周二 18:30,1739002973,2025/2/8 16:22:53,,
36874708,中国国家博物馆|紫玉瓯心：中国建窑建盏文化展,https://www.douban.com/event/36874708/,2024-12-19T09:00:00,2025-03-31T17:00:00,北京中国国家博物馆,0.00元,-,展览话剧大茶馆,3,1,116.3950625,39.90396912,展览,2025/03,2025/2/8 0:00:00,2024年12月19日 ~ 2025年03月31日 每天 09:00 - 17:00,1739006769,2025/2/8 17:26:09,,
36826276,中国工艺美术馆｜中华非遗漆彩三晋展览,https://www.douban.com/event/36826276/,2024-11-21T09:00:00,2025-04-30T17:00:00,北京中国工艺美术馆,0.00元,-,展览话剧大茶馆,2,1,116.3913273,40.00231961,展览,2025/04,2025/2/8 0:00:00,2024年11月21日 ~ 2025年04月30日 每天 09:00 - 17:00,1739004311,2025/2/8 16:45:11,,
34798107,【8.8折特惠·皮影体验】中国京西皮影,https://www.douban.com/event/34798107/,2024-03-02T00:00:00,2024-12-31T23:59:59,北京中华皮影文化城·演出厅白水洼路东800米,100.00元,-,猫眼演出,4,0,116.2115743,40.13604028,亲子,2024/12,2025/2/8 0:00:00,2024年03月02日 周六 00:00 ~ 2024年12月31日 周二 23:59,1739002991,2025/2/8 16:23:11,,
35465635,【红骑士马术学院】亲子活动之马术欢乐体验,https://www.douban.com/event/35465635/,2024-01-05T00:00:00,2024-12-31T23:59:59,北京红骑士马术学院顺黄路31号红骑士马术学院亚萨园校区,9.90元,-,猫眼演出,2,0,116.5292094,40.06095903,展览,2024/12,2025/2/8 0:00:00,2024年01月05日 周五 00:00 ~ 2024年12月31日 周二 23:59,1739003170,2025/2/8 16:26:10,,
36775758,神女应无恙丨MACA美凯龙艺术中心,https://www.douban.com/event/36775758/,2024-11-03T00:00:00,2025-02-23T23:59:59,北京MACA美凯龙艺术中心酒仙桥路2号798艺术区706北一街美凯龙艺术中心,68.00元,-,猫眼演出,3,1,116.4904832,39.98600498,展览,2025/02,2025/2/8 0:00:00,2024年11月03日 周日 00:00 ~ 2025年02月23日 周日 23:59,1739006766,2025/2/8 17:26:06,,
36862592,【八折特惠】吉祥大戏院1月1日（晚场）国粹吉祥京剧《龙凤呈祥》,https://www.douban.com/event/36862592/,2025-01-01T19:30:00,2025-01-01T21:00:00,北京吉祥大戏院王府井大街88号银泰in88北区7层,100.00元,-,猫眼演出,0,0,116.4054782,39.91539846,戏剧-戏曲,2025/01,2025/2/8 0:00:00,01月01日 周三 19:30-21:00,1739006258,2025/2/8 17:17:38,,
36858842,北疆文化神州行·风从草原来查干乐团专场音乐会,https://www.douban.com/event/36858842/,2025-01-01T19:30:00,2025-01-01T21:30:00,北京顺义大剧院仁和公园北50米顺义区文化中心院内,80.00元,-,猫眼演出,0,0,116.6644008,40.10839257,音乐-音乐会,2025/01,2025/2/8 0:00:00,01月01日 周三 19:30-21:30,1739006259,2025/2/8 17:17:39,,
36817154,“喜洋洋幸福年”中国煤矿文工团民族新春音乐会/“喜临门”中国煤矿文工团民族新春音乐会,https://www.douban.com/event/36817154/,2025-01-01T19:30:00,2025-01-01T20:30:00,北京国家大剧院-小剧场西长安街街道西长安街2号,160.00元,-,猫眼演出,0,0,116.383698,39.90304555,音乐-音乐会,2025/01,2025/2/8 0:00:00,01月01日 周三 19:30-20:30,1739005951,2025/2/8 17:12:31,,
36879463,北京工体酒吧蹦迪组队活动,https://www.douban.com/event/36879463/,2024-12-24T22:30:00,2025-02-28T23:59:00,北京朝阳区ONETHIRDOT(工体店),50元,-,Cindy,1,1,116.4380264,39.92807653,聚会-夜店,2025/02,2025/2/8 0:00:00,2024年12月24日 ~ 2025年02月28日 每天 22:30 - 23:59,1739006902,2025/2/8 17:28:22,,
36411547,故宫博物院|大圣遗音古琴文化展览,https://www.douban.com/event/36411547/,2024-09-20T09:00:00,2024-12-31T18:00:00,北京故宫博物院,0.00元,-,展览话剧大茶馆,2,1,116.3907814,39.91643522,展览,2024/12,2025/2/8 0:00:00,2024年09月20日 周五 09:00 ~ 2024年12月31日 周二 18:00,1739003087,2025/2/8 16:24:47,,
36796926,长程精神分析（动力取向）受训心理咨询控制个案招募,https://www.douban.com/event/36796926/,2024-10-24T19:30:00,2025-01-11T09:50:00,北京朝阳区建外SOHO西区18号楼,250元,-,OzzhealerO,1,2,116.446933,39.90550502,公益,2025/01,2025/2/8 0:00:00,2024年10月24日 周四 19:30 ~ 2025年01月11日 周六 09:50,1739005386,2025/2/8 17:03:06,,
36857077,中国评剧院评剧《花为媒》,https://www.douban.com/event/36857077/,2025-01-01T19:30:00,2025-01-01T19:30:00,北京北京人民剧场护国寺大街74号,50.00元,-,猫眼演出,0,0,116.3685497,39.93312779,戏剧-戏曲,2025/01,2025/2/8 0:00:00,01月01日 周三 19:30-19:30,1739005924,2025/2/8 17:12:04,,
36401034,经典必看｜古代中国陈列中国国家博物馆的基本陈列,https://www.douban.com/event/36401034/,2024-09-20T09:00:00,2024-12-31T18:00:00,北京朝阳区中国国家博物馆,0.00元,-,展览话剧大茶馆,1,3,116.3379415,39.9391669,展览,2024/12,2025/2/8 0:00:00,2024年09月20日 周五 09:00 ~ 2024年12月31日 周二 18:00,1739003986,2025/2/8 16:39:46,,
36868999,「闹新年」闹乐队&朋友们,https://www.douban.com/event/36868999/,2025-01-01T20:30:00,2025-01-01T20:30:00,北京黄昏黎明DDC神路街39号地下一层DDC,88.00元,-,猫眼演出,0,0,116.4376768,39.91796431,戏剧-话剧,2025/01,2025/2/8 0:00:00,01月01日 周三 20:30-20:30,1739006078,2025/2/8 17:14:38,,
36821860,CoffeeChat：初创梳理1v1，交流即聊愈,https://www.douban.com/event/36821860/,2024-12-29T10:00:00,2025-02-23T12:00:00,北京朝阳区Mstand暖山生活店,699元,-,缓行南山,1,2,116.409151,40.03056143,聚会-交友,2025/02,2025/2/8 0:00:00,2024年12月29日 周日 10:00 ~ 2025年02月23日 周日 12:00,1739005465,2025/2/8 17:04:25,,
36878565,大云峡谷｜大云峡谷-龙泉峪8公里徒步穿越,https://www.douban.com/event/36878565/,2024-12-06T07:30:00,2025-02-28T18:00:00,北京东城区北京东城东直门东方银座（东直门地铁C出口出10米可见）,100元,-,熊出没户外,1,2,116.4292172,39.93885373,旅行,2025/02,2025/2/8 0:00:00,,1739006789,2025/2/8 17:26:29,,
36878647,元旦｜东灵山巅-面向云海迎接2025年第一道曙光,https://www.douban.com/event/36878647/,2024-12-06T07:30:00,2025-02-28T18:00:00,北京东城区北京东城东直门东方银座（东直门地铁C出口出10米可见）,100元,-,熊出没户外,1,2,116.4292172,39.93885373,旅行,2025/02,2025/2/8 0:00:00,,1739006861,2025/2/8 17:27:41,,
36807651,京剧《红鬃烈马》,https://www.douban.com/event/36807651/,2025-01-01T19:30:00,2025-01-01T21:30:00,北京梅兰芳大剧院新街口街道平安里西大街32号(西二环官园桥),180.00元,-,猫眼演出,0,0,116.3508479,39.93042405,戏剧-戏曲,2025/01,2025/2/8 0:00:00,01月01日 周三 19:30-21:30,1739005954,2025/2/8 17:12:34,,
36749285,2025年北京新年音乐会,https://www.douban.com/event/36749285/,2025-01-01T19:30:00,2025-01-01T19:30:00,北京中山公园音乐堂西长安街中山公园内,100.00元,-,猫眼演出,0,0,116.3893946,39.90942489,音乐-音乐会,2025/01,2025/2/8 0:00:00,01月01日 周三 19:30-19:30,1739005963,2025/2/8 17:12:43,,
36878585,春节8日|行摄滇西南雨林秘境，云南虫谷哀牢山徒步,https://www.douban.com/event/36878585/,2024-12-06T08:00:00,2025-02-28T18:00:00,北京东城区北京东城东直门东方银座（东直门地铁C出口出10米可见）,100元,-,熊出没户外,1,2,116.4292172,39.93885373,旅行,2025/02,2025/2/8 0:00:00,2024年12月06日 周五 08:00 ~ 2025年02月28日 周五 18:00,1739005444,2025/2/8 17:04:04,,
36457928,测试条目-活动海报的删除与恢复,https://www.douban.com/event/36457928/,2024-12-01T00:00:00,2024-12-31T00:00:00,北京朝阳区兆维工业园,0.00元,-,CARRY,1,2,116.4871613,39.97218966,音乐-小型现场,2024/12,2025/2/8 0:00:00,2024年12月01日 周日 00:00 ~ 2024年12月31日 周二 00:00,1739004142,2025/2/8 16:42:22,,
36407808,国家典籍博物馆|国家图书馆|甲骨文记忆免费展览,https://www.douban.com/event/36407808/,2024-09-20T09:00:00,2024-12-31T18:00:00,北京国家典籍博物馆,0.00元,-,展览话剧大茶馆,2,1,116.3178379,39.94184493,展览,2024/12,2025/2/8 0:00:00,2024年09月20日 周五 09:00 ~ 2024年12月31日 周二 18:00,1739004182,2025/2/8 16:43:02,,
36875493,国家典籍博物馆|《永乐大典》的回归和再造,https://www.douban.com/event/36875493/,2024-12-19T09:00:00,2025-03-31T17:00:00,北京国家典籍博物馆,0.00元,-,展览话剧大茶馆,1,2,116.3178379,39.94184493,展览,2025/03,2025/2/8 0:00:00,2024年12月19日 ~ 2025年03月31日 每天 09:00 - 17:00,1739006812,2025/2/8 17:26:52,,
36878616,鳌鱼沟｜踏冰而行看野冰瀑-鳌鱼沟-东湖林,https://www.douban.com/event/36878616/,2024-12-06T07:30:00,2025-02-28T18:00:00,北京东城区北京东城东直门东方银座（东直门地铁C出口出10米可见）,100元,-,熊出没户外,1,2,116.4292172,39.93885373,旅行,2025/02,2025/2/8 0:00:00,2024年12月06日 ~ 2025年02月28日 每天 07:30 - 18:00,1739006855,2025/2/8 17:27:35,,
36878622,周末|古北水镇z·爬长城·逛古镇放心出行,https://www.douban.com/event/36878622/,2024-12-06T07:30:00,2025-02-28T18:00:00,北京东城区北京东城东直门东方银座（东直门地铁C出口出10米可见）,100元,-,熊出没户外,1,2,116.4292172,39.93885373,旅行,2025/02,2025/2/8 0:00:00,2024年12月06日 ~ 2025年02月28日 每天 07:30 - 18:00,1739006859,2025/2/8 17:27:39,,
36831023,周六——非遗体验课之掐丝珐琅,https://www.douban.com/event/36831023/,2024-11-30T14:30:00,2025-02-15T16:30:00,北京昌平区立水桥卢卡新天地,149元,-,北京沙龙活动,1,2,116.4063305,40.05755154,课程,2025/02,2025/2/8 0:00:00,2024年11月30日 周六 14:30 ~ 2025年02月15日 周六 16:30,1739003100,2025/2/8 16:25:00,,
36739021,拉德斯基进行曲—世界经典名曲2025新年音乐会,https://www.douban.com/event/36739021/,2025-01-01T14:30:00,2025-01-01T16:00:00,北京天坛南门剧场永定门内东大街中里1号天坛街道市民活动中心,60.00元,-,猫眼演出,0,0,116.4033235,39.87243866,音乐-音乐会,2025/01,2025/2/8 0:00:00,01月01日 周三 14:30-16:00,1739005964,2025/2/8 17:12:44,,
36849493,土耳其伊兹密尔国立交响乐团2025北京新年音乐会,https://www.douban.com/event/36849493/,2025-01-01T19:30:00,2025-01-01T21:00:00,北京京演·民族文化宫大剧院金融街街道复兴门内大街49号(西单),180.0元,-,猫眼演出,0,0,116.3634941,39.90669486,音乐-音乐会,2025/01,2025/2/8 0:00:00,01月01日 周三 19:30-21:00,1739005998,2025/2/8 17:13:18,,
36852734,【浪漫森林】新年夜/元旦夜烛光音乐会｜烛光晚餐｜Jay、JJ、Mayday经典曲目,https://www.douban.com/event/36852734/,2025-01-01T19:00:00,2025-01-01T20:15:00,北京格乐丽雅·G婚礼艺术中心演出厅-丰台店世界花卉大观园西门北侧1号,698.00元,-,猫眼演出,0,0,116.341319,39.83777076,音乐-音乐会,2025/01,2025/2/8 0:00:00,01月01日 周三 19:00-20:15,1739005999,2025/2/8 17:13:19,,
36751372,海淀区/永福养老院2024年“声如夏花爱如芳草”项目,https://www.douban.com/event/36751372/,2024-12-29T09:00:00,2025-03-09T11:30:00,北京海淀区:北京海淀区海淀区永福养老院,0.00元,-,此心公益,2,1,116.1082812,40.09939896,公益,2025/03,2025/2/8 0:00:00,2024年12月29日 周日 09:00 ~ 2025年03月09日 周日 11:30,1739006807,2025/2/8 17:26:47,,
36765619,周末2.5日｜乌兰布统•塞北雪乡-越野车穿越林海雪原,https://www.douban.com/event/36765619/,2024-12-05T08:00:00,2025-02-28T19:30:00,北京东城区北京东城东直门东方银座（东直门地铁C出口出10米可见）,100元,-,熊出没户外,1,2,116.4292172,39.93885373,旅行,2025/02,2025/2/8 0:00:00,2024年12月05日 周四 08:00 ~ 2025年02月28日 周五 19:30,1739006790,2025/2/8 17:26:30,,
36580618,奇幻光影森林冰雪季,https://www.douban.com/event/36580618/,2024-12-28T00:00:00,2025-02-16T23:59:00,北京奇幻光影森林-北京奥林匹克森林公园南园奥林匹克森林公园南园南门西北150米处,50.0元,-,猫眼演出,3,0,116.3850036,40.0095465,展览,2025/02,2025/2/8 0:00:00,2024年12月28日 周六 00:00 ~ 2025年02月16日 周日 23:59,1739006817,2025/2/8 17:26:57,,
34798057,【5折超值特惠】马语汇亲子马术体验活动：马背上的童年<马背骑乘45分钟>,https://www.douban.com/event/34798057/,2024-01-25T00:00:00,2024-12-31T23:59:59,北京马语汇亲子马术体验活动—好骑士马术俱乐部后沙峪天北路33号马术庄园Familyfarm,338.00元,-,猫眼演出,2,0,116.5290724,40.12264517,赛事,2024/12,2025/2/8 0:00:00,2024年01月25日 周四 00:00 ~ 2024年12月31日 周二 23:59,1739003207,2025/2/8 16:26:47,,
36617929,甜蜜蜜—陈佳2025邓丽君经典金曲新年专场演唱会,https://www.douban.com/event/36617929/,2024-12-30T19:30:00,2024-12-30T21:00:00,北京京演·民族文化宫大剧院金融街街道复兴门内大街49号(西单),180.00元,-,猫眼演出,1,1,116.3634941,39.90669486,音乐-演唱会,2024/12,2025/2/8 0:00:00,2024年12月30日 周一 19:30-21:00,1739003218,2025/2/8 16:26:58,,
36660209,玉渡山｜鲜为人知的人间仙境-湖泊·草甸·溪水·峡谷·瀑布·登山·环湖,https://www.douban.com/event/36660209/,2024-11-02T07:30:00,2025-01-25T18:00:00,北京朝阳区惠新西街南口,158元,-,i旅行,1,1,116.3879286,39.9756417,亲子,2025/01,2025/2/8 0:00:00,2024年11月02日 周六 07:30 ~ 2025年01月25日 周六 18:00,1739005625,2025/2/8 17:07:05,,
36874725,你对职场暴力有清晰的区分与边界干吗?,https://www.douban.com/event/36874725/,2024-12-05T14:30:00,2025-03-01T17:30:00,北京西城区北京市西城区油坊胡同天安国汇咔咖咖啡（宣武门站E口）,0.00元,-,32123,1,1,116.3696433,39.90168693,聚会-交友,2025/03,2025/2/8 0:00:00,2024年12月05日 周四 14:30 ~ 2025年03月01日 周六 17:30,1739006896,2025/2/8 17:28:16,,
36612670,北大首钢医院&北京阳光心理|第十四期实习咨询师火热招生中！,https://www.douban.com/event/36612670/,2024-10-08T08:00:00,2024-12-31T16:30:00,北京石景山区首钢医院,17800元,-,烟雨红颜,1,1,116.197365,39.92768627,课程,2024/12,2025/2/8 0:00:00,,1739004429,2025/2/8 16:47:09,,
36856109,全年首演「新春元旦摇滚晚会」2024年首场群星摇滚晚会-北京站,https://www.douban.com/event/36856109/,2025-01-01T19:50:00,2025-01-01T22:00:00,北京MaskStage西三环北路21号久凌大厦南楼二层,120.00元,-,猫眼演出,0,0,116.3026342,39.95142087,戏剧-话剧,2025/01,2025/2/8 0:00:00,01月01日 周三 19:50-22:00,1739006039,2025/2/8 17:13:59,,
36881478,界的折衷，面的游移，漩涡的末梢,https://www.douban.com/event/36881478/,2024-12-27T00:00:00,2025-03-30T23:59:59,北京山中天艺术中心酒仙桥北路751艺术区北一门山中天艺术中心•玄馆,20.00元,-,猫眼演出,2,0,116.4928803,39.98627112,展览,2025/03,2025/2/8 0:00:00,2024年12月27日 周五 00:00 ~ 2025年03月30日 周日 23:59,1739006907,2025/2/8 17:28:27,,
36803526,【新年特惠】幻聚山海——邱启敬科幻艺术展,https://www.douban.com/event/36803526/,2024-12-23T00:00:00,2025-02-28T23:59:59,北京首钢园金安科幻广场-幻聚山海——邱启敬科幻艺术展首钢园金安科幻广场3号楼（料仓）,78.00元,-,猫眼演出,2,0,116.1510602,39.92034443,展览,2025/02,2025/2/8 0:00:00,2024年12月23日 周一 00:00 ~ 2025年02月28日 周五 23:59,1739003228,2025/2/8 16:27:08,,
36172104,恭王府3小时人工精讲服务含门票-私家团,https://www.douban.com/event/36172104/,2023-12-19T00:00:00,2024-12-31T23:59:59,北京北京恭王府—大咖精讲前海西街17号恭王府,796.00元,-,猫眼演出,1,0,116.3800803,39.93579937,其他,2024/12,2025/2/8 0:00:00,2023年12月19日 周二 00:00 ~ 2024年12月31日 周二 23:59,1739003251,2025/2/8 16:27:31,,
36694310,红螺寺｜名山古刹の祈福纳祥-登高望远-摄影赏景-雁栖湖观景台,https://www.douban.com/event/36694310/,2024-11-02T08:00:00,2025-01-25T18:00:00,北京朝阳区惠新西街南口,140元,-,i旅行,1,1,116.3879286,39.9756417,运动,2025/01,2025/2/8 0:00:00,2024年11月02日 周六 08:00 ~ 2025年01月25日 周六 18:00,1739005622,2025/2/8 17:07:02,,
36884495,元旦脱口秀|磁场喜剧×南锣鼓巷|全国知名脱口秀大咖|爆笑解压,https://www.douban.com/event/36884495/,2025-01-01T19:30:00,2025-01-01T21:00:00,北京磁场剧场NT剧场南锣鼓巷福祥胡同5号四合院,79.00元,-,猫眼演出,0,0,116.3962949,39.93289388,戏剧-其他,2025/01,2025/2/8 0:00:00,01月01日 周三 19:30-21:00,1739006173,2025/2/8 17:16:13,,
36769639,【祥云小镇冰乐园】2024乐滑之梦冰乐园（祥云小镇）,https://www.douban.com/event/36769639/,2024-11-20T00:00:00,2025-02-16T23:59:00,北京中粮祥云小镇·乐滑之梦冰乐园安泰大街9号中粮祥云小镇喷泉广场,49.0元,-,猫眼演出,0,0,116.5304771,40.08764044,展览,2025/02,2025/2/8 0:00:00,2024年11月20日 周三 00:00 ~ 2025年02月16日 周日 23:59,1739007115,2025/2/8 17:31:55,,
36874629,中国国家博物馆|惠世天工：河北曲阳石雕艺术展,https://www.douban.com/event/36874629/,2024-12-19T09:00:00,2025-03-31T18:00:00,北京中国国家博物馆,0.00元,-,展览话剧大茶馆,0,1,116.3950625,39.90396912,展览,2025/03,2025/2/8 0:00:00,2024年12月19日 ~ 2025年03月31日 每天 09:00 - 18:00,1739005792,2025/2/8 17:09:52,,
36871993,韩建美术馆｜『只与你有关』艺术共创展,https://www.douban.com/event/36871993/,2024-12-08T10:00:00,2025-01-07T18:00:00,北京房山区北京市房山区阳光北大街101号院1号楼韩建大厦3楼,28元,-,韩建美术馆,0,1,116.1595759,39.73751186,展览,2025/01,2025/2/8 0:00:00,,1739005725,2025/2/8 17:08:45,,
36821646,跨越六十年：人工智能的创意之火,https://www.douban.com/event/36821646/,2024-11-16T00:00:00,2025-02-28T23:59:59,北京北京泰康美术馆景辉街16号院1号楼泰康集团大厦1-2层,60.00元,-,猫眼演出,0,1,116.4617787,39.90996487,展览,2025/02,2025/2/8 0:00:00,2024年11月16日 周六 00:00 ~ 2025年02月28日 周五 23:59,1739007007,2025/2/8 17:30:07,,
36780677,【舞彩浅山】国家健身步道の休闲穿越-别致山景-小众原生态,https://www.douban.com/event/36780677/,2024-11-02T07:30:00,2025-01-25T18:00:00,北京朝阳区惠新西街南口,98元,-,i旅行,1,1,116.3879286,39.9756417,运动,2025/01,2025/2/8 0:00:00,2024年11月02日 周六 07:30 ~ 2025年01月25日 周六 18:00,1739004415,2025/2/8 16:46:55,,
36808770,北京·《深海奇遇》潜海VR体验·2000米海底国风深海幻境·王府井新地标！,https://www.douban.com/event/36808770/,2024-12-04T00:00:00,2025-06-01T23:59:59,北京深海奇遇·全新海洋主题VR沉浸展王府井喜悦购物中心4层,239.00元,-,猫眼演出,0,1,116.4043034,39.9085213,展览,2025/06,2025/2/8 0:00:00,2024年12月04日 周三 00:00 ~ 2025年06月01日 周日 23:59,1739003285,2025/2/8 16:28:05,,
35755518,不可思议运动街区（丽泽天街店）,https://www.douban.com/event/35755518/,2023-06-20T00:00:00,2025-12-31T23:59:59,北京不可思议运动街区-龙湖北京丽泽天街店丽泽路300号首创龙湖北京丽泽天街B2-29,128.00元,-,猫眼演出,1,0,116.3282527,39.86509939,展览,2025/12,2025/2/8 0:00:00,2023年06月20日 周二 00:00 ~ 2025年12月31日 周三 23:59,1739003288,2025/2/8 16:28:08,,
36055657,冰乐园BINGDUDU冰嘟嘟·北京庄胜广场店,https://www.douban.com/event/36055657/,2024-11-22T00:00:00,2025-02-15T23:59:59,北京BINGDUDU冰嘟嘟·北京庄胜广场店椿树街道宣武门外大街8号庄胜广场(地铁2/4号线宣武门站G东南口),120.00元,-,猫眼演出,0,0,116.3694453,39.89525943,展览,2025/02,2025/2/8 0:00:00,2024年11月22日 周五 00:00 ~ 2025年02月15日 周六 23:59,1739007205,2025/2/8 17:33:25,,
36854343,节日序曲--2025新年音乐会,https://www.douban.com/event/36854343/,2024-12-30T19:30:00,2024-12-30T19:30:00,北京中山公园音乐堂西长安街中山公园内,180.00元,-,猫眼演出,0,0,116.3893946,39.90942489,音乐-音乐会,2024/12,2025/2/8 0:00:00,2024年12月30日 周一 19:30-19:30,1739003328,2025/2/8 16:28:48,,
36715850,北京站·看我天地中轴VR互动体验展,https://www.douban.com/event/36715850/,2024-09-26T00:00:00,2025-03-19T23:59:59,北京看我天地中轴vr互动体验展王府井大街277号,258.00元,-,猫眼演出,1,0,116.4049295,39.91009247,展览,2025/03,2025/2/8 0:00:00,2024年09月26日 周四 00:00 ~ 2025年03月19日 周三 23:59,1739005643,2025/2/8 17:07:23,,
36660181,【北灵•最美山梁】｜北灵山-10公里徒步穿越,https://www.douban.com/event/36660181/,2024-11-02T07:30:00,2025-01-25T18:00:00,北京朝阳区惠新西街南口,116元,-,i旅行,0,1,116.3879286,39.9756417,旅行,2025/01,2025/2/8 0:00:00,2024年11月02日 周六 07:30 ~ 2025年01月25日 周六 18:00,1739005781,2025/2/8 17:09:41,,
36800273,BINGYI冰艺-凤凰汇里巷店,https://www.douban.com/event/36800273/,2024-11-16T00:00:00,2025-02-16T23:59:00,北京BINGYI冰艺冰乐园-凤凰汇里巷店曙光西里甲5号院凤凰汇里巷（instreet里巷特色商业街广场）,39.0元,-,猫眼演出,0,0,116.4492595,39.9614458,亲子,2025/02,2025/2/8 0:00:00,2024年11月16日 周六 00:00 ~ 2025年02月16日 周日 23:59,1739005947,2025/2/8 17:12:27,,
36612213,VisionPro室内体验,https://www.douban.com/event/36612213/,2024-08-08T00:00:00,2030-08-30T23:59:59,北京ASTATION虚拟传送站酒仙桥751艺术园区A8栋,98.00元,-,猫眼演出,0,0,116.4910888,39.98330189,展览,2030/08,2025/2/8 0:00:00,2024年08月08日 周四 00:00 ~ 2030年08月30日 周五 23:59,1739007130,2025/2/8 17:32:10,,
36789951,【特惠早鸟】BINGYI冰艺-东坝万达店,https://www.douban.com/event/36789951/,2024-11-09T00:00:00,2025-02-12T23:59:00,北京BINGDUDU冰嘟嘟-北京东坝万达店东坝中路25号东坝万达广场中央喷泉广场,39.0元,-,猫眼演出,0,0,116.542765,39.96086271,亲子,2025/02,2025/2/8 0:00:00,2024年11月09日 周六 00:00 ~ 2025年02月12日 周三 23:59,1739007203,2025/2/8 17:33:23,,
36873353,【开业特惠】《深海奇遇》北京海淀大悦城·沉浸式体验XR大空间,https://www.douban.com/event/36873353/,2024-12-21T00:00:00,2025-02-28T23:59:59,北京All-SPACE全时LBE空间数字影院西北旺地区大牛房北京海淀大悦城一层独栋(近华为),239.00元,-,猫眼演出,0,0,116.2231791,40.09008798,展览,2025/02,2025/2/8 0:00:00,2024年12月21日 周六 00:00 ~ 2025年02月28日 周五 23:59,1739007111,2025/2/8 17:31:51,,
36880922,第十四届鸟巢欢乐冰雪季,https://www.douban.com/event/36880922/,2024-12-28T00:00:00,2025-02-01T23:59:00,北京第十四届鸟巢欢乐冰雪季-国家体育场国家体育场南路1号奥林匹克公园国家体育场(鸟巢)西北入口、KL入口进入,58.0元,-,猫眼演出,0,0,116.3898028,39.99305838,展览,2025/02,2025/2/8 0:00:00,2024年12月28日 周六 00:00 ~ 2025年02月01日 周六 23:59,1739007136,2025/2/8 17:32:16,,
36884592,元旦约会|不二喜剧×西直门|全国知名脱口秀大咖|爆笑解压脱口秀,https://www.douban.com/event/36884592/,2025-01-01T20:00:00,2025-01-01T21:30:00,北京不二喜剧西直门外大街116号JKFunB51-B53不二喜剧,79.00元,-,猫眼演出,0,0,116.3389088,39.93644925,戏剧-其他,2025/01,2025/2/8 0:00:00,01月01日 周三 20:00-21:30,1739006171,2025/2/8 17:16:11,,
36854969,松美术馆：韦嘉个展“醉与梦”,https://www.douban.com/event/36854969/,2024-12-14T00:00:00,2025-03-09T23:59:59,北京松美术馆楼台村南格拉斯路黑骑士球员俱乐部西南侧,120.00元,-,猫眼演出,0,0,116.5793739,40.02434703,展览,2025/03,2025/2/8 0:00:00,2024年12月14日 周六 00:00 ~ 2025年03月09日 周日 23:59,1739006256,2025/2/8 17:17:36,,
36055634,冰乐园BINGDUDU冰嘟嘟·龙湖北京亦庄天街店,https://www.douban.com/event/36055634/,2024-11-22T00:00:00,2025-02-09T23:59:59,北京BINGDUDU冰嘟嘟·龙湖北京亦庄天街店亦庄经济开发区博兴八路与兴海路交叉口龙湖北京亦庄天街西广场,120.00元,-,猫眼演出,0,0,116.4863385,39.75179161,展览,2025/02,2025/2/8 0:00:00,2024年11月22日 周五 00:00 ~ 2025年02月09日 周日 23:59,1739007168,2025/2/8 17:32:48,,
36698821,《身临极境-南极起航》沉浸式大空间VR探索体验特展,https://www.douban.com/event/36698821/,2024-10-01T00:00:00,2025-03-31T23:59:59,北京U2GO沉浸式数字体验中心麦子店街道公园路8号朝阳公园西2门院内,169.00元,-,猫眼演出,0,0,116.4690791,39.9380441,展览,2025/03,2025/2/8 0:00:00,2024年10月01日 周二 00:00 ~ 2025年03月31日 周一 23:59,1739007120,2025/2/8 17:32:00,,
36608308,深澜数字艺术科技馆,https://www.douban.com/event/36608308/,2024-08-07T00:00:00,2024-12-31T23:59:59,北京深澜数字艺术科技馆798艺术区-南门停车场东侧F04院-深澜空间,118.00元,-,猫眼演出,0,0,116.4906907,39.98043582,展览,2024/12,2025/2/8 0:00:00,2024年08月07日 周三 00:00 ~ 2024年12月31日 周二 23:59,1739003478,2025/2/8 16:31:18,,
36848993,远古传奇·探秘侏罗纪,https://www.douban.com/event/36848993/,2024-12-04T00:00:00,2024-12-31T23:59:59,北京远古传奇·探秘侏罗纪王府井大街138号apm4层北区,158.00元,-,猫眼演出,0,0,116.4056236,39.91287362,展览,2024/12,2025/2/8 0:00:00,2024年12月04日 周三 00:00 ~ 2024年12月31日 周二 23:59,1739004915,2025/2/8 16:55:15,,
36873336,【开业特惠】“六大片源任选其一”北京海淀大悦城·沉浸式体验XR大空间,https://www.douban.com/event/36873336/,2024-12-21T00:00:00,2025-02-28T23:59:59,北京All-SPACE全时LBE空间数字影院西北旺地区大牛房北京海淀大悦城一层独栋(近华为),219.00元,-,猫眼演出,0,0,116.2231791,40.09008798,展览,2025/02,2025/2/8 0:00:00,2024年12月21日 周六 00:00 ~ 2025年02月28日 周五 23:59,1739007110,2025/2/8 17:31:50,,
36888392,北京｜DDC跨年摇滚派对DDCNYERockParty,https://www.douban.com/event/36888392/,2024-12-31T20:30:00,2025-01-01T02:00:00,北京黄昏黎明DDC神路街39号地下一层DDC,128.00元,-,猫眼演出,0,0,116.4376768,39.91796431,戏剧-话剧,2025/01,2025/2/8 0:00:00,2024年12月31日 周二 20:30 ~ 2025年01月01日 周三 02:00,1739006169,2025/2/8 17:16:09,,
36843245,ASTATION上古神话《山海空间》户外MR虚实结合演绎,https://www.douban.com/event/36843245/,2024-12-02T00:00:00,2024-12-31T23:59:59,北京ASTATION虚拟传送站酒仙桥751艺术园区A8栋,198.00元,-,猫眼演出,0,0,116.4908128,39.98316808,展览,2024/12,2025/2/8 0:00:00,2024年12月02日 周一 00:00 ~ 2024年12月31日 周二 23:59,1739003499,2025/2/8 16:31:39,,
36787100,【北京】【前门保利脱口秀】爆笑脱口秀精品场|极致解压|轻松愉悦|场场爆满,https://www.douban.com/event/36787100/,2024-12-31T19:30:00,2024-12-31T21:00:00,北京前门保利脱口秀-喜剧部落店煤市街廊房头条交叉口东北角北京坊东区B1-B2层,9.90元,-,猫眼演出,0,0,116.3911808,39.89686998,戏剧-其他,2024/12,2025/2/8 0:00:00,2024年12月31日 周二 19:30-21:00,1739004578,2025/2/8 16:49:38,,
36208260,【军博趣味亲子课堂】从铁翼翱翔的空中战机，到钢铁巨兽的陆地坦克！一起走进军事博物馆，感受大国重器！,https://www.douban.com/event/36208260/,2024-12-14T00:00:00,2025-03-31T23:59:59,北京中国人民革命军事博物馆—军事博物馆趣味亲子课堂复兴路9号,100.00元,-,猫眼演出,0,0,116.3177125,39.90769658,亲子,2025/03,2025/2/8 0:00:00,2024年12月14日 周六 00:00 ~ 2025年03月31日 周一 23:59,1739006110,2025/2/8 17:15:10,,
36874110,首都博物馆|希腊人：从阿伽门农到亚历山大,https://www.douban.com/event/36874110/,2024-12-19T09:00:00,2025-03-31T17:00:00,北京西城区首都博物馆,0.00元,-,展览话剧大茶馆,18,10,116.3358984,39.90507207,展览,2025/03,2025/2/8 0:00:00,2024年12月19日 ~ 2025年03月31日 每天 09:00 - 17:00,1739006416,2025/2/8 17:20:16,,
36284367,【亲子坐标独享1V1研学系列】北海公园—“五朝避暑胜地”,https://www.douban.com/event/36284367/,2025-01-01T00:00:00,2025-03-31T23:59:00,北京一起玩转北海—北海公园文津街1号,998.00元,-,猫眼演出,0,0,116.3837267,39.92106076,亲子,2025/03,2025/2/8 0:00:00,01月01日 周三 00:00 ~ 03月31日 周一 23:59,1739007208,2025/2/8 17:33:28,,
36642656,欣悟空灵境人工智能互动娱乐馆,https://www.douban.com/event/36642656/,2024-12-30T10:00:00,2024-12-31T18:00:00,北京欣悟空灵境酒仙桥路4号751D·Park设计广场C座C12,100.00元,-,猫眼演出,0,0,116.4943209,39.98520346,展览,2024/12,2025/2/8 0:00:00,2024年12月30日 周一 10:00 ~ 2024年12月31日 周二 18:00,1739003379,2025/2/8 16:29:39,,
36780669,【坡峰岭】国家地理推荐-年度最火红叶观赏地-6公里环形赏红叶栈道,https://www.douban.com/event/36780669/,2024-11-02T07:30:00,2025-01-25T18:00:00,北京朝阳区惠新西街南口,138元,-,i旅行,0,1,116.3879286,39.9756417,运动,2025/01,2025/2/8 0:00:00,2024年11月02日 周六 07:30 ~ 2025年01月25日 周六 18:00,1739006987,2025/2/8 17:29:47,,
36646374,福尔摩斯·思维殿堂沉浸推理体验馆,https://www.douban.com/event/36646374/,2024-08-29T00:00:00,2025-04-30T23:59:59,北京福尔摩斯思维殿堂沉浸式体验馆-大兴凯德Mall华佗路2号凯德Mall4层,39.90元,-,猫眼演出,0,0,116.3130537,39.67092241,展览,2025/04,2025/2/8 0:00:00,2024年08月29日 周四 00:00 ~ 2025年04月30日 周三 23:59,1739003471,2025/2/8 16:31:11,,
36459009,【私教已上线】1对1释放天性，探索户外，解锁技能！,https://www.douban.com/event/36459009/,2024-05-20T00:00:00,2024-12-31T23:59:59,北京洞穴探秘-房山彩虹洞霞云岭乡,300.00元,-,猫眼演出,0,0,115.5793172,39.78046764,展览,2024/12,2025/2/8 0:00:00,2024年05月20日 周一 00:00 ~ 2024年12月31日 周二 23:59,1739003476,2025/2/8 16:31:16,,
36761378,九州和玉·万福攸同福禄寿喜财如意吉祥艺术特展,https://www.douban.com/event/36761378/,2024-10-17T00:00:00,2024-12-31T23:59:59,北京神玉艺术馆北三环中路3号（安华桥西北角）,54.00元,-,猫眼演出,0,0,116.3845132,39.96792648,展览,2024/12,2025/2/8 0:00:00,2024年10月17日 周四 00:00 ~ 2024年12月31日 周二 23:59,1739004756,2025/2/8 16:52:36,,
36825132,新年特惠｜「东方韵」国风新年音乐会｜青兰赋—《百鸟朝凤》《喜洋洋》《赛马》,https://www.douban.com/event/36825132/,2024-12-31T22:30:00,2024-12-31T23:59:00,北京三里屯·爱乐汇艺术空间三里屯soho6号商场b1层（下沉广场最南端),100.00元,-,猫眼演出,1,0,116.4475346,39.92991129,音乐-音乐会,2024/12,2025/2/8 0:00:00,2024年12月31日 周二 22:30-23:59,1739004432,2025/2/8 16:47:12,,
36364980,【喜剧部落】【北京】喜剧部落|前门大栅栏精品脱口秀大会|众星云集|爆笑全场|极致解压,https://www.douban.com/event/36364980/,2024-12-31T19:30:00,2024-12-31T21:00:00,北京前门保利脱口秀-喜剧部落店煤市街廊房头条交叉口东北角北京坊东区B1-B2层,9.90元,-,猫眼演出,1,0,116.3911808,39.89686998,戏剧-其他,2024/12,2025/2/8 0:00:00,2024年12月31日 周二 19:30-21:00,1739004451,2025/2/8 16:47:31,,
36172116,圆明园3.5小时人工精讲服务含门票（（含遗址区+沙盘展））-私家团,https://www.douban.com/event/36172116/,2023-12-19T00:00:00,2024-12-31T23:59:59,北京走进圆明园青龙桥街道清华西路28号（近地铁4号线圆明园站）,816.00元,-,猫眼演出,1,0,116.2968638,40.00804553,其他,2024/12,2025/2/8 0:00:00,2023年12月19日 周二 00:00 ~ 2024年12月31日 周二 23:59,1739004464,2025/2/8 16:47:44,,
36761369,“音乐嘉年华”·《拉德斯基进行时》北京音乐厅新年音乐会,https://www.douban.com/event/36761369/,2024-12-31T19:30:00,2024-12-31T21:00:00,北京北京音乐厅西长安街街道北新华街1号(近西长安街),200.00元,-,猫眼演出,0,1,116.3762346,39.90474356,音乐-音乐会,2024/12,2025/2/8 0:00:00,2024年12月31日 周二 19:30-21:00,1739004468,2025/2/8 16:47:48,,
36172475,颐和园2.5小时人工精讲服务含门票-私家团,https://www.douban.com/event/36172475/,2023-12-19T00:00:00,2024-12-31T23:59:59,北京颐和园新建宫门路19号,756.00元,-,猫眼演出,1,0,116.2753469,39.99637386,其他,2024/12,2025/2/8 0:00:00,2023年12月19日 周二 00:00 ~ 2024年12月31日 周二 23:59,1739004509,2025/2/8 16:48:29,,
36892120,不散豆瓣粉丝2024年终福利,https://www.douban.com/event/36892120/,2024-12-31T13:00:00,2024-12-31T23:30:00,北京朝阳区大悦城,0.00元,-,不散,36,4122,116.2232863,40.09006507,其他,2024/12,2025/2/8 0:00:00,2024年12月31日 周二 13:00-23:30,1739003518,2025/2/8 16:31:58,,
36276066,【亲子坐标独享1V1研学系列】天坛—“天圆地方”的传说,https://www.douban.com/event/36276066/,2025-01-01T00:00:00,2025-03-31T23:59:00,北京天坛亲子研学营-天坛公园天坛东里甲1号,998.00元,-,猫眼演出,0,0,116.4045291,39.88048067,亲子,2025/03,2025/2/8 0:00:00,01月01日 周三 00:00 ~ 03月31日 周一 23:59,1739006104,2025/2/8 17:15:04,,
36530500,古埃及文物展：永恒的木乃伊之谜,https://www.douban.com/event/36530500/,2024-11-01T00:00:00,2025-03-30T18:00:00,"北京遇见博物馆-798馆798艺术区陶瓷一街E02-1楼遇见博物馆,北京798馆",68.00元,-,猫眼演出,31,19,116.4888755,39.98292132,展览,2025/03,2025/2/8 0:00:00,2024年11月01日 周五 00:00 ~ 2025年03月30日 周日 18:00,1739006326,2025/2/8 17:18:46,,
35446630,丝绸之路上的敦煌-数字敦煌展,https://www.douban.com/event/35446630/,2023-06-12T00:00:00,2024-12-31T23:59:59,北京丝绸之路上的敦煌-数字敦煌展-国家对外文化贸易基地金航东路3号院国家对外文化贸易基地（北京）35号展厅,59.00元,-,猫眼演出,35,9,116.5800955,40.1125308,展览,2024/12,2025/2/8 0:00:00,2023年06月12日 周一 00:00 ~ 2024年12月31日 周二 23:59,1739003544,2025/2/8 16:32:24,,
36402413,中国国家博物馆展览|中国古代书画明清绘画中的山水行旅展览,https://www.douban.com/event/36402413/,2024-09-20T09:00:00,2024-12-31T18:00:00,北京朝阳区中国国家博物馆,0.00元,-,展览话剧大茶馆,23,9,116.3379415,39.9391669,展览,2024/12,2025/2/8 0:00:00,2024年09月20日 周五 09:00 ~ 2024年12月31日 周二 18:00,1739003612,2025/2/8 16:33:32,,
36820037,吕克·图伊曼斯：过去,https://www.douban.com/event/36820037/,2024-11-16T10:00:00,2025-02-16T19:00:00,北京朝阳区798艺术区尤伦斯当代艺术中心,60.00元,-,UCCA尤伦斯当代艺术中心,17,13,116.4915949,39.98188046,展览,2025/02,2025/2/8 0:00:00,,1739006414,2025/2/8 17:20:14,,
36880800,《身边的宇宙》C.R.P宇宙电台黑胶专辑——《宇宙测量员》主题特展,https://www.douban.com/event/36880800/,2024-12-23T10:00:00,2025-02-21T21:00:00,北京东城区前炒面胡同49号可能有书,0.00元,-,可能有书,7,2,116.4117543,39.92130366,展览,2025/02,2025/2/8 0:00:00,2024年12月23日 ~ 2025年02月21日 每天 10:00 - 21:00,1739003690,2025/2/8 16:34:50,,
34796496,不可思议减压馆•保龄球•射箭•星空水床•摔碗发泄（国瑞店）,https://www.douban.com/event/34796496/,2023-05-25T00:00:00,2024-12-31T23:59:59,北京北京不可思议减压馆崇文门外大街18号国瑞购物中心LG层（物美超市旁）,158.00元,-,猫眼演出,9,0,116.4134981,39.89684998,展览,2024/12,2025/2/8 0:00:00,2023年05月25日 周四 00:00 ~ 2024年12月31日 周二 23:59,1739003722,2025/2/8 16:35:22,,
36408088,北京艺术博物馆|瓶花落砚香明清文房雅器免费展,https://www.douban.com/event/36408088/,2024-09-20T09:00:00,2024-12-31T18:00:00,北京北京艺术博物馆,0.00元,-,展览话剧大茶馆,4,4,116.3056266,39.9457887,展览,2024/12,2025/2/8 0:00:00,2024年09月20日 周五 09:00 ~ 2024年12月31日 周二 18:00,1739003729,2025/2/8 16:35:29,,
36768738,自媒体双语Toastmasters演讲俱乐部,https://www.douban.com/event/36768738/,2024-10-22T19:00:00,2025-01-14T21:00:00,北京东城区天润财富中心,0.00元,-,Clay,3,6,116.4215177,39.90995299,聚会-外语,2025/01,2025/2/8 0:00:00,2024年10月22日 周二 19:00 ~ 2025年01月14日 周二 21:00,1739006539,2025/2/8 17:22:19,,
36581516,一起梳理吧,https://www.douban.com/event/36581516/,2024-10-21T18:00:00,2024-12-31T20:00:00,北京朝阳区新源南路6号,0.00元,-,唐飞,6,2,116.4477772,39.94612416,聚会-生活,2024/12,2025/2/8 0:00:00,2024年10月21日 ~ 2024年12月31日 每天 18:00 - 20:00,1739003740,2025/2/8 16:35:40,,
36407932,国家典籍博物馆|国家图书馆|茶和天下典籍里的茶免费展览,https://www.douban.com/event/36407932/,2024-09-20T09:00:00,2024-12-31T18:00:00,北京国家典籍博物馆,0.00元,-,展览话剧大茶馆,4,3,116.3178379,39.94184493,展览,2024/12,2025/2/8 0:00:00,2024年09月20日 周五 09:00 ~ 2024年12月31日 周二 18:00,1739003745,2025/2/8 16:35:45,,
36804134,《超级飞侠欧洲漂流记VR》360°沉浸式动画｜VeeR沉浸剧场（天桥印象博物馆）,https://www.douban.com/event/36804134/,2024-11-09T00:00:00,2025-12-31T23:59:59,北京天桥印象博物馆“VeeR沉浸剧场”天桥南大街7号天桥艺术中心下沉广场负一层天桥印象博物馆,39.00元,-,猫眼演出,0,1,116.3912357,39.88143669,亲子,2025/12,2025/2/8 0:00:00,2024年11月09日 周六 00:00 ~ 2025年12月31日 周三 23:59,1739004476,2025/2/8 16:47:56,,
36548791,零基础体验美术画画艺术的独特魅力,https://www.douban.com/event/36548791/,2024-12-31T09:00:00,2025-03-31T23:00:00,北京海淀区世纪金源中心黑白艺术空间,30.0元,-,黑白艺术,2,4,116.2855753,39.95752526,聚会-生活,2025/03,2025/2/8 0:00:00,2024年12月31日 周二 09:00 ~ 2025年03月31日 周一 23:00,1739006595,2025/2/8 17:23:15,,
36879005,“都行四季·冬——纳福迎新紫宸清韵”书画艺术展,https://www.douban.com/event/36879005/,2024-12-22T00:00:00,2025-02-15T23:59:00,北京“都行四季·冬——纳福迎新紫宸清韵”书画艺术展-隆福文化中心隆福寺街95号隆福文化中心隆福大厦9层,48.0元,-,猫眼演出,5,0,116.4076765,39.92457808,展览,2025/02,2025/2/8 0:00:00,2024年12月22日 周日 00:00 ~ 2025年02月15日 周六 23:59,1739006683,2025/2/8 17:24:43,,
36801319,無用可持续生活展土壤篇之故乡土征集令,https://www.douban.com/event/36801319/,2024-10-22T10:00:00,2025-02-23T19:00:00,北京东城区美术馆后街77文创园北京無用生活空间,0.00元,-,無用行空,2,2,116.4027444,39.92609407,展览,2025/02,2025/2/8 0:00:00,2024年10月22日 ~ 2025年02月23日 每天 10:00 - 19:00,1739003982,2025/2/8 16:39:42,,
36780171,X美术馆｜【三展通票】“贡坎：心之全蚀”“克日什托夫·格日巴茨：似曾发生”“X虚拟聚集：蜜”,https://www.douban.com/event/36780171/,2024-11-01T00:00:00,2025-02-14T23:59:59,北京X美术馆｜冬季展览项目东坝地区半截塔路53号郎园STATIONE1栋(10号库),1.00元,-,猫眼演出,3,1,116.51091,39.96688603,展览,2025/02,2025/2/8 0:00:00,2024年11月01日 周五 00:00 ~ 2025年02月14日 周五 23:59,1739006768,2025/2/8 17:26:08,,
36334713,【喜剧部落】每天2点4点7点40都有【三里屯工体喜剧】脱口秀精品专场|笑声响彻三里屯工体|李山压轴|轻松解压,https://www.douban.com/event/36334713/,2024-12-31T19:40:00,2024-12-31T21:10:00,"北京美都脱口秀笑剧场-工体店工体北路21号,永利国际B1影剧院",9.90元,-,猫眼演出,3,1,116.4383395,39.93299089,戏剧-话剧,2024/12,2025/2/8 0:00:00,2024年12月31日 周二 19:40-21:10,1739004064,2025/2/8 16:41:04,,
36841541,韩建美术馆“只与你有关”艺术共创展,https://www.douban.com/event/36841541/,2024-12-08T00:00:00,2025-01-26T23:59:00,北京韩建美术馆“只与你有关”艺术共创展良乡铂斯雅致酒店三层韩建美术馆,28.0元,-,猫眼演出,0,0,116.1594605,39.73770963,展览,2025/01,2025/2/8 0:00:00,2024年12月08日 周日 00:00 ~ 2025年01月26日 周日 23:59,1739007129,2025/2/8 17:32:09,,
36800029,志愿北京2小时【亲子探秘三元牛奶厂】见证牛奶诞生！好玩又涨姿势,https://www.douban.com/event/36800029/,2024-11-23T09:30:00,2025-02-15T16:00:00,北京海淀区北京语言大学,70元,-,随心旅行,2,2,116.3633664,39.95330512,亲子,2025/02,2025/2/8 0:00:00,,1739005248,2025/2/8 17:00:48,,
36878572,元宵节|潮汕民俗-福州长乐游神永福樱花-寨舞火龙-马栅村英歌舞-,https://www.douban.com/event/36878572/,2024-12-06T07:30:00,2025-02-28T18:00:00,北京东城区北京东城东直门东方银座（东直门地铁C出口出10米可见）,100元,-,熊出没户外,2,2,116.4292172,39.93885373,旅行,2025/02,2025/2/8 0:00:00,2024年12月06日 周五 07:30 ~ 2025年02月28日 周五 18:00,1739005301,2025/2/8 17:01:41,,
36781708,DreamChaser英文演讲头马俱乐部活动,https://www.douban.com/event/36781708/,2024-12-26T19:00:00,2025-03-13T21:00:00,北京海淀区辉煌国际广场2号楼佳茗佳人茶舍,30元,-,Irene,3,1,116.2958302,40.05228805,聚会-外语,2025/03,2025/2/8 0:00:00,2024年12月26日 周四 19:00 ~ 2025年03月13日 周四 21:00,1739005303,2025/2/8 17:01:43,,
36819679,首都博物馆|北京古代佛塔文物-千年宝藏盛世重光,https://www.douban.com/event/36819679/,2024-11-04T09:00:00,2025-04-30T17:00:00,北京西城区首都博物馆,0.00元,-,展览话剧大茶馆,3,1,116.3358984,39.90507207,展览,2025/04,2025/2/8 0:00:00,2024年11月04日 ~ 2025年04月30日 每天 09:00 - 17:00,1739004070,2025/2/8 16:41:10,,
36411915,故宫博物院|寿康宫庆隆尊养崇庆皇太后专题展览,https://www.douban.com/event/36411915/,2024-09-20T09:00:00,2024-12-31T18:00:00,北京故宫博物院,0.00元,-,展览话剧大茶馆,1,2,116.3907814,39.91643522,展览,2024/12,2025/2/8 0:00:00,2024年09月20日 周五 09:00 ~ 2024年12月31日 周二 18:00,1739004219,2025/2/8 16:43:39,,
36879319,[迎新最美之旅]儿童剧《小王子》爱与责任|法国经典文学作品改编,https://www.douban.com/event/36879319/,2025-01-01T10:30:00,2025-01-01T12:00:00,北京蓬蒿剧场东棉花胡同35号(中央戏剧学院正门向东100米),160.00元,-,猫眼演出,0,0,116.3998893,39.93460009,亲子,2025/01,2025/2/8 0:00:00,01月01日 周三 10:30-12:00,1739006174,2025/2/8 17:16:14,,
36878540,春节7日|1月29日-2月4日闽南潮汕过大年体验英歌舞火把节，,https://www.douban.com/event/36878540/,2024-12-06T07:30:00,2025-02-28T18:00:00,北京东城区北京东城东直门东方银座（东直门地铁C出口出10米可见）,100元,-,熊出没户外,1,2,116.4292172,39.93885373,旅行,2025/02,2025/2/8 0:00:00,2024年12月06日 周五 07:30 ~ 2025年02月28日 周五 18:00,1739005502,2025/2/8 17:05:02,,
36878601,天仙瀑｜北京冰瀑的天花板-赏最美最高最壮观冰瀑群,https://www.douban.com/event/36878601/,2024-12-06T07:30:00,2025-02-28T18:00:00,北京东城区北京东城东直门东方银座（东直门地铁C出口出10米可见）,100元,-,熊出没户外,1,2,116.4292172,39.93885373,旅行,2025/02,2025/2/8 0:00:00,2024年12月06日 ~ 2025年02月28日 每天 07:30 - 18:00,1739006853,2025/2/8 17:27:33,,
36766367,北京周末冬季休闲徒步登山滑雪活动合集,https://www.douban.com/event/36766367/,2024-12-05T08:00:00,2025-02-28T17:30:00,北京东城区北京东城东直门东方银座（东直门地铁C出口出10米可见）,100元,-,熊出没户外,1,2,116.4292172,39.93885373,旅行,2025/02,2025/2/8 0:00:00,2024年12月05日 周四 08:00 ~ 2025年02月28日 周五 17:30,1739006786,2025/2/8 17:26:26,,
36795020,北方昆曲剧院经典折子戏展演《挡马》《孽海记·思凡》《琵琶记·扫松》《渔家乐·刺梁》,https://www.douban.com/event/36795020/,2024-12-31T19:00:00,2024-12-31T21:00:00,北京梅兰芳大剧院新街口街道平安里西大街32号(西二环官园桥),160.00元,-,猫眼演出,0,0,116.3508479,39.93042405,戏剧-戏曲,2024/12,2025/2/8 0:00:00,2024年12月31日 周二 19:00-21:00,1739004689,2025/2/8 16:51:29,,
36825114,北京2025摇滚跨年演出（第一场）,https://www.douban.com/event/36825114/,2024-12-31T19:30:00,2024-12-31T21:40:00,北京乐空间YUESPACE北新桥板桥南巷7号人美大厦左一层（糯言酒馆）,180.00元,-,猫眼演出,0,0,116.4113398,39.93779371,戏剧-话剧,2024/12,2025/2/8 0:00:00,2024年12月31日 周二 19:30-21:40,1739004664,2025/2/8 16:51:04,,
36879123,回声喜剧｜小帕个人专场《红绿灯》元旦开演｜三里屯喜剧工厂,https://www.douban.com/event/36879123/,2025-01-01T20:00:00,2025-01-01T21:30:00,北京喜剧工厂ComedyFactory三里屯街道工人体育场北路8号院3号楼102(三里屯soho三号商场一层外围),150.00元,-,猫眼演出,0,0,116.4468455,39.93136675,戏剧-其他,2025/01,2025/2/8 0:00:00,01月01日 周三 20:00-21:30,1739006175,2025/2/8 17:16:15,,
36854553,“奇梦环游”哦崽内心世界主题游乐园,https://www.douban.com/event/36854553/,2024-12-06T00:00:00,2025-01-03T23:59:00,北京“奇梦环游”哦崽内心世界主题游乐园隆福寺街95号钱粮胡同38号,59.0元,-,猫眼演出,0,0,116.4077065,39.9245391,展览,2025/01,2025/2/8 0:00:00,2024年12月06日 周五 00:00 ~ 2025年01月03日 周五 23:59,1739006111,2025/2/8 17:15:11,,
36874174,北京|12.31-1.1「年度高光」2024-2025爵士新年音乐会,https://www.douban.com/event/36874174/,2025-01-01T20:00:00,2025-01-01T21:30:00,北京BlueNoteBeijing前门东大街23号BlueNoteBeijing,320.00元,-,猫眼演出,0,0,116.39517,39.8997723,戏剧-话剧,2025/01,2025/2/8 0:00:00,01月01日 周三 20:00-21:30,1739006239,2025/2/8 17:17:19,,
36868975,年度封箱「跨年演唱会」明日零点倒计时|玩具头UNK焕青发条傀儡,https://www.douban.com/event/36868975/,2024-12-31T22:30:00,2025-01-01T00:30:00,北京东市·OMINCLUB隆福寺街95号钱粮胡同38号15号楼B1层,160.00元,-,猫眼演出,0,0,116.4073781,39.9254659,戏剧-话剧,2025/01,2025/2/8 0:00:00,2024年12月31日 周二 22:30 ~ 2025年01月01日 周三 00:30,1739006251,2025/2/8 17:17:31,,
36837256,【节假日+周末游玩】欢乐不断，都是年轻人！！！,https://www.douban.com/event/36837256/,2024-11-30T07:00:00,2025-02-28T19:00:00,北京朝阳区惠新西街南口,50元,-,户外游,21,21,116.4093413,39.97537297,旅行,2025/02,2025/2/8 0:00:00,,1739006342,2025/2/8 17:19:02,,
36751579,"丰台区/馨翼教育中心丨2024年""守望星星快乐成长""项目",https://www.douban.com/event/36751579/,2024-12-25T08:00:00,2025-03-14T10:00:00,北京丰台区元丰商务楼2层馨翼教育中心,0.00元,-,此心公益,1,2,116.3687489,39.85823305,运动,2025/03,2025/2/8 0:00:00,2024年12月25日 周三 08:00 ~ 2025年03月14日 周五 10:00,1739006814,2025/2/8 17:26:54,,
36851798,单人优惠套票（奇遇山海经》VR互动大空间沉浸式体验+VR360°沉浸式观影一部任选）,https://www.douban.com/event/36851798/,2024-12-12T00:00:00,2025-01-04T23:59:59,北京天桥印象博物馆“VeeR沉浸剧场”天桥南大街7号天桥艺术中心下沉广场负一层天桥印象博物馆,138.00元,-,猫眼演出,0,0,116.3912357,39.88143669,展览,2025/01,2025/2/8 0:00:00,2024年12月12日 周四 00:00 ~ 2025年01月04日 周六 23:59,1739007096,2025/2/8 17:31:36,,
36590567,请来与我喝咖啡&聊聊天,https://www.douban.com/event/36590567/,2024-12-10T10:00:00,2025-02-28T19:00:00,北京朝阳区朝阳区东三环北路甲26号高和萃B1瑞幸咖啡,0.00元,-,蒙奇奇,10,6,116.4563732,39.92681866,其他,2025/02,2025/2/8 0:00:00,2024年12月10日 周二 10:00 ~ 2025年02月28日 周五 19:00,1739006420,2025/2/8 17:20:20,,
36775742,红砖美术馆：张培力个展,https://www.douban.com/event/36775742/,2024-10-29T00:00:00,2025-03-02T23:59:00,北京红砖美术馆-张培力顺白路红砖美术馆,100.0元,-,猫眼演出,6,2,116.493816,40.0410204,展览,2025/03,2025/2/8 0:00:00,2024年10月29日 周二 00:00 ~ 2025年03月02日 周日 23:59,1739006546,2025/2/8 17:22:26,,
36795908,2025北京跨年新年交响音乐会《拉德斯基进行曲》,https://www.douban.com/event/36795908/,2024-12-31T19:30:00,2024-12-31T19:30:00,北京中山公园音乐堂西长安街中山公园内,180.00元,-,猫眼演出,1,1,116.3893946,39.90942489,音乐-音乐会,2024/12,2025/2/8 0:00:00,2024年12月31日 周二 19:30-19:30,1739004400,2025/2/8 16:46:40,,
36802993,BBCEarth《蓝色星球II》视听音乐会,https://www.douban.com/event/36802993/,2024-12-31T19:30:00,2024-12-31T19:30:00,北京保利剧院东直门南大街14号保利大厦1层,180.00元,-,猫眼演出,2,0,116.4294403,39.93309828,音乐-音乐会,2024/12,2025/2/8 0:00:00,2024年12月31日 周二 19:30-19:30,1739004409,2025/2/8 16:46:49,,
36762531,北京研学周末1日【天文馆】博物馆系列之天文馆研学，探秘太阳系,https://www.douban.com/event/36762531/,2024-11-23T09:30:00,2025-01-25T16:00:00,北京朝阳区传媒大学,398元,-,jufenghw,1,1,116.5576039,39.9116663,亲子,2025/01,2025/2/8 0:00:00,,1739004421,2025/2/8 16:47:01,,
36827848,永庆升平2024德云社郭德纲于谦跨年相声专场演出--北京站,https://www.douban.com/event/36827848/,2024-12-31T19:30:00,2024-12-31T21:00:00,北京北京展览馆剧场西直门外大街135号,380.0元,-,猫眼演出,1,0,116.3379793,39.94025379,戏剧-其他,2024/12,2025/2/8 0:00:00,2024年12月31日 周二 19:30-21:00,1739004454,2025/2/8 16:47:34,,
36860341,Supernovas英文演讲头马俱乐部,https://www.douban.com/event/36860341/,2024-12-07T15:00:00,2025-01-25T17:00:00,北京西城区北京市西城区庄胜广场中央办公楼一层,0.00元,-,任任,1,1,116.3693614,39.89529852,聚会-外语,2025/01,2025/2/8 0:00:00,2024年12月07日 周六 15:00 ~ 2025年01月25日 周六 17:00,1739005575,2025/2/8 17:06:15,,
36799832,志愿北京2h【探秘警察博物馆】周末1日培养孩子的自我保护能力,https://www.douban.com/event/36799832/,2024-11-09T09:30:00,2025-01-26T16:00:00,北京海淀区北京语言大学,198元,-,随心旅行,1,1,116.3633664,39.95330512,课程,2025/01,2025/2/8 0:00:00,2024年11月09日 周六 09:30 ~ 2025年01月26日 周日 16:00,1739005579,2025/2/8 17:06:19,,
36877076,学院艺术馆|刘牧画展,https://www.douban.com/event/36877076/,2024-12-26T00:00:00,2025-01-20T23:59:00,北京学院艺术馆|西行漫记旅欧十年——吴迪摄影艺术展来福士商场B2层-学院艺术馆,38.0元,-,猫眼演出,0,0,116.4261906,39.93872353,展览,2025/01,2025/2/8 0:00:00,2024年12月26日 周四 00:00 ~ 2025年01月20日 周一 23:59,1739006119,2025/2/8 17:15:19,,
35928510,【北京双井】《星际三部曲》360全景宇宙探索体验,https://www.douban.com/event/35928510/,2024-10-01T00:00:00,2025-02-28T23:59:59,北京UME影城双井店：威尼斯电影节金狮奖VR沉浸体验《苍穹》Spheres东三环中路65号富力广场6层,58.00元,-,猫眼演出,10,3,116.4545095,39.89414259,展览,2025/02,2025/2/8 0:00:00,2024年10月01日 周二 00:00 ~ 2025年02月28日 周五 23:59,1739006457,2025/2/8 17:20:57,,
36783403,【跨年之夜】《梁祝》《卡农》浪漫烛光音乐会,https://www.douban.com/event/36783403/,2024-12-31T19:00:00,2024-12-31T20:30:00,北京北京顺义影剧院新顺北街3号,100.00元,-,猫眼演出,0,0,116.6450653,40.13269944,音乐-音乐会,2024/12,2025/2/8 0:00:00,2024年12月31日 周二 19:00-20:30,1739004575,2025/2/8 16:49:35,,
36785407,《意大利爱乐乐团2025新年交响音乐会》访华十四周年纪念版,https://www.douban.com/event/36785407/,2024-12-31T22:30:00,2024-12-31T23:59:00,北京北京饭店金色大厅.演出厅东长安街33号北京饭店C座,168.0元,-,猫眼演出,0,0,116.4018234,39.90739461,音乐-音乐会,2024/12,2025/2/8 0:00:00,2024年12月31日 周二 22:30-23:59,1739004692,2025/2/8 16:51:32,,
36821623,【开业特价29.9团券】三里屯《致敬经典|怀旧金曲音乐会》演唱现场Live之夜|现场大合唱彩蛋环节|民谣摇滚流行,https://www.douban.com/event/36821623/,2024-12-31T19:30:00,2024-12-31T21:00:00,北京吉祥喜剧场-三里屯SOHO店三里屯SOHO二号商场B1层-223号,19.90元,-,猫眼演出,0,0,116.4475416,39.9299953,戏剧-话剧,2024/12,2025/2/8 0:00:00,2024年12月31日 周二 19:30-21:00,1739004680,2025/2/8 16:51:20,,
36821185,【第25小时】跨年演唱会-千禧年起历年金曲串烧&2025跨年倒计时（北京站）,https://www.douban.com/event/36821185/,2024-12-31T22:30:00,2024-12-31T23:59:00,北京福浪LIVEHOUSE-福奥园西路1号院5号楼1层2-104,158.00元,-,猫眼演出,0,0,116.3937288,39.89412768,戏剧-话剧,2024/12,2025/2/8 0:00:00,2024年12月31日 周二 22:30-23:59,1739004682,2025/2/8 16:51:22,,
36821173,2025跨年演唱会【我们万岁】—经典情歌VS摇滚劲曲大混战，零点倒计时！（北京站）,https://www.douban.com/event/36821173/,2024-12-31T22:30:00,2024-12-31T23:59:00,北京疆进酒·OMNISPACE天桥南大街9号天桥艺术中心地下一层B-103,180.00元,-,猫眼演出,0,0,116.3918077,39.88101759,戏剧-话剧,2024/12,2025/2/8 0:00:00,2024年12月31日 周二 22:30-23:59,1739004686,2025/2/8 16:51:26,,
36799531,付豪【NI“豪”新年】北京跨年倒计时专场|相约一起倒数2025！,https://www.douban.com/event/36799531/,2024-12-31T22:30:00,2024-12-31T23:59:00,北京本土王牌LIVE平房路北京电影学院文创园内本土王牌live,298.00元,-,猫眼演出,0,0,116.5404572,39.93504487,戏剧-话剧,2024/12,2025/2/8 0:00:00,2024年12月31日 周二 22:30-23:59,1739004983,2025/2/8 16:56:23,,
36824553,2025跨年演唱会“四分之一世纪的心跳”乐队演唱会&千人荧光派对-一起倒数到2025,https://www.douban.com/event/36824553/,2024-12-31T19:30:00,2024-12-31T21:30:00,北京本土王牌LIVE平房路北京电影学院文创园内本土王牌live,228.00元,-,猫眼演出,0,0,116.5404572,39.93504487,戏剧-话剧,2024/12,2025/2/8 0:00:00,2024年12月31日 周二 19:30-21:30,1739004665,2025/2/8 16:51:05,,
36820974,2025跨年狂欢&倒计时【派对动物】演唱会，地表最high，你你你你要跳舞吗！（北京站）,https://www.douban.com/event/36820974/,2024-12-31T22:30:00,2024-12-31T23:59:00,北京集结社LiveHouse九棵树西路92号东朗文创园2号楼101,158.00元,-,猫眼演出,0,0,116.6450654,39.88084407,戏剧-话剧,2024/12,2025/2/8 0:00:00,2024年12月31日 周二 22:30-23:59,1739004687,2025/2/8 16:51:27,,
36833751,《能量宇宙》跨媒体互动艺术展,https://www.douban.com/event/36833751/,2024-12-16T00:00:00,2025-02-16T23:59:59,北京北京时代美术馆：《能量宇宙》跨媒体互动艺术展复兴路69号,89.00元,-,猫眼演出,0,0,116.2728427,39.90927515,展览,2025/02,2025/2/8 0:00:00,2024年12月16日 周一 00:00 ~ 2025年02月16日 周日 23:59,1739007070,2025/2/8 17:31:10,,
36754079,[双人特惠][来点爆笑解解压]｜南锣鼓巷｜趣听喜剧开放麦｜周中爆笑不间断！,https://www.douban.com/event/36754079/,2024-12-31T20:00:00,2024-12-31T21:30:00,北京磁场剧场NH剧场南锣鼓巷福祥合同5号四合院,49.00元,-,猫眼演出,0,0,116.3963259,39.93296687,戏剧-其他,2024/12,2025/2/8 0:00:00,2024年12月31日 周二 20:00-21:30,1739004763,2025/2/8 16:52:43,,
36816012,【北京】社交篇|日常酒搭组局派对男女1:1酒水畅饮！,https://www.douban.com/event/36816012/,2024-11-15T00:00:00,2025-03-01T23:59:59,北京冬雨BLINK工人体育场西路6号,199.00元,-,猫眼演出,0,0,116.4380194,39.92764953,戏剧-话剧,2025/03,2025/2/8 0:00:00,2024年11月15日 周五 00:00 ~ 2025年03月01日 周六 23:59,1739004865,2025/2/8 16:54:25,,
36769910,【环球大道冰乐园】2024乐滑之梦冰乐园（环球城市大道）,https://www.douban.com/event/36769910/,2024-11-16T00:00:00,2025-02-28T23:59:00,北京乐滑之梦滑冰场-环球城市大道店环球城市大道电影院对面绿地,49.0元,-,猫眼演出,0,0,116.6707628,39.84949852,展览,2025/02,2025/2/8 0:00:00,2024年11月16日 周六 00:00 ~ 2025年02月28日 周五 23:59,1739004752,2025/2/8 16:52:32,,
36758630,【北京】燃情岁末——《蓝色多瑙河圆舞曲》经典作品2025新年交响音乐会,https://www.douban.com/event/36758630/,2024-12-31T19:30:00,2024-12-31T21:00:00,北京五棵松·爱乐汇艺术空间复兴路69号五棵松万达广场6层爱乐汇艺术空间五棵松剧场,180.00元,-,猫眼演出,0,0,116.270426,39.91150153,音乐-音乐会,2024/12,2025/2/8 0:00:00,2024年12月31日 周二 19:30-21:00,1739004759,2025/2/8 16:52:39,,
36228293,绘出不一样的自我--一起画出-素描-彩铅-水彩-油画,https://www.douban.com/event/36228293/,2024-10-16T09:00:00,2025-01-14T23:00:00,北京通州区万达广场today艺术空间,50.0元,-,Today艺术,5,4,116.6345983,39.90424427,课程,2025/01,2025/2/8 0:00:00,2024年10月16日 周三 09:00 ~ 2025年01月14日 周二 23:00,1739006530,2025/2/8 17:22:10,,
36881207,俄罗斯国家芭蕾舞剧院-《胡桃夹子》年末巨献经典芭蕾舞剧,https://www.douban.com/event/36881207/,2024-12-31T19:30:00,2024-12-31T21:00:00,北京中华世纪坛剧场羊坊店街道复兴路甲9号,380.00元,-,猫眼演出,0,0,116.3153457,39.90959302,戏剧-舞剧,2024/12,2025/2/8 0:00:00,2024年12月31日 周二 19:30-21:00,1739004837,2025/2/8 16:53:57,,
36864730,【早鸟5折】2025新年音乐会-中外世界名曲《梁祝》《卡农》演出浪漫演奏会｜千人剧场《跨年·遇见》,https://www.douban.com/event/36864730/,2024-12-31T19:30:00,2024-12-31T21:30:00,北京秦乐宫剧场华威南里27号秦乐宫二层,66.00元,-,猫眼演出,0,0,116.4519417,39.87098272,音乐-音乐会,2024/12,2025/2/8 0:00:00,2024年12月31日 周二 19:30-21:30,1739004867,2025/2/8 16:54:27,,
36752031,乐林冰场（锦荟港店）,https://www.douban.com/event/36752031/,2024-11-02T00:00:00,2025-02-28T23:59:59,北京乐林滑冰场-锦荟港店锦荟港购物中心东广场,100.00元,-,猫眼演出,0,0,116.6421587,40.12539315,展览,2025/02,2025/2/8 0:00:00,2024年11月02日 周六 00:00 ~ 2025年02月28日 周五 23:59,1739007071,2025/2/8 17:31:11,,
36718112,《灵境·未来灵感世界》艺云数字艺术中心·虚拟现实光影灵境·王府井看展新地标！,https://www.douban.com/event/36718112/,2024-10-15T00:00:00,2025-02-28T23:59:59,北京艺云数字艺术中心-王府井王府井大街255号北京市百货大楼南馆4-5层,150.00元,-,猫眼演出,0,0,116.4037386,39.91242694,展览,2025/02,2025/2/8 0:00:00,2024年10月15日 周二 00:00 ~ 2025年02月28日 周五 23:59,1739007074,2025/2/8 17:31:14,,